Id,Label,timeset,Eccentricity,closnesscentrality,harmonicclosnesscentrality,betweenesscentrality,modularity_class,indegree,outdegree,Degree
sussexlovely,sussexlovely,,3,0.583333,0.690476,0,17,0,3,3
scobie,scobie,,0,0,0,0,17,9,0,9
mid_zan,mid_zan,,1,1,1,45.5,7,2,12,14
dailyguardian1,dailyguardian1,,0,0,0,0,0,0,0,0
duchessjrm,duchessjrm,,1,1,1,0,13,0,3,3
hackedoffhugh,hackedoffhugh,,0,0,0,0,0,0,0,0
toblerona2,toblerona2,,5,0.295918,0.383908,57,9,1,4,5
meghansupporter,meghansupporter,,0,0,0,0,9,2,0,2
madamefigaro,madamefigaro,,0,0,0,0,0,0,0,0
gaynor4brexit,gaynor4brexit,,1,1,1,32,0,1,2,3
kaindeb,kaindeb,,0,0,0,0,0,0,0,0
cici86280666,cici86280666,,3,0.857143,0.935185,0,15,0,16,16
dailymailuk,dailymailuk,,0,0,0,0,15,8,0,8
divinelymeghan,divinelymeghan,,0,0,0,0,0,0,0,0
vanessanguyen28,vanessanguyen28,,0,0,0,0,3,1,0,1
ambikqueen,ambikqueen,,0,0,0,0,0,0,0,0
hellomag,hellomag,,0,0,0,0,15,3,0,3
daisyha58713895,daisyha58713895,,1,1,1,0,9,0,3,3
darksldeoftmoon,darksldeoftmoon,,0,0,0,0,0,0,0,0
eokenesi,eokenesi,,0,0,0,0,0,0,0,0
seeker43502426,seeker43502426,,0,0,0,0,0,0,0,0
verbalverity,verbalverity,,5,0.284404,0.334946,0,9,0,2,2
osei1977,osei1977,,0,0,0,0,0,0,0,0
alaskachic,alaskachic,,0,0,0,0,0,0,0,0
alanastott,alanastott,,0,0,0,0,13,2,0,2
glorian62678817,glorian62678817,,0,0,0,0,0,0,0,0
stephenmoraga,stephenmoraga,,0,0,0,0,0,0,0,0
wendyread2012,wendyread2012,,0,0,0,0,0,0,0,0
bonobochick,bonobochick,,0,0,0,0,0,0,0,0
kellyleighmcco2,kellyleighmcco2,,0,0,0,0,0,0,0,0
ilona84010600,ilona84010600,,0,0,0,0,0,0,0,0
straight1too,straight1too,,1,1,1,0,9,0,3,3
mirrorbreaking_,mirrorbreaking_,,0,0,0,0,0,0,0,0
namaste_40,namaste_40,,0,0,0,0,0,0,0,0
re_dailymail,re_dailymail,,0,0,0,0,0,0,0,0
hendopolis,hendopolis,,0,0,0,0,0,0,0,0
suzymoore75,suzymoore75,,0,0,0,0,2,1,0,1
forumsmeghan,forumsmeghan,,0,0,0,0,0,0,0,0
destigrace1,destigrace1,,0,0,0,0,0,0,0,0
debrobertsabc,debrobertsabc,,0,0,0,0,0,0,0,0
ghostcatbce,ghostcatbce,,0,0,0,0,0,0,0,0
maej43,maej43,,0,0,0,0,0,0,0,0
s_hairstylist,s_hairstylist,,0,0,0,0,0,0,0,0
piersmorgan,piersmorgan,,0,0,0,0,13,3,0,3
shearsconnaught,shearsconnaught,,0,0,0,0,0,0,0,0
evamisgo,evamisgo,,1,1,1,1.5,3,1,2,3
ueverwonderwhy,ueverwonderwhy,,0,0,0,0,0,0,0,0
royallypetite,royallypetite,,1,1,1,0,17,0,2,2
rafegirl,rafegirl,,0,0,0,0,0,0,0,0
tam_mav,tam_mav,,0,0,0,0,0,0,0,0
busiswagibson,busiswagibson,,0,0,0,0,17,1,0,1
wavesofluv11,wavesofluv11,,2,0.714286,0.8,0,13,0,3,3
sussexdaily,sussexdaily,,1,1,1,6,13,3,2,5
sublimelight2,sublimelight2,,0,0,0,0,0,0,0,0
yankeewally2,yankeewally2,,2,0.666667,0.75,3,15,1,1,2
karensoucy4,karensoucy4,,1,1,1,0,3,0,2,2
elguardiancent1,elguardiancent1,,0,0,0,0,0,0,0,0
whoknowstv,whoknowstv,,0,0,0,0,0,0,0,0
tmz,tmz,,0,0,0,0,7,2,0,2
tickernewsau,tickernewsau,,0,0,0,0,0,0,0,0
afpfr,afpfr,,0,0,0,0,0,0,0,0
_mercian,_mercian,,0,0,0,0,0,0,0,0
darrengrimes_,darrengrimes_,,0,0,0,0,0,0,0,0
jjstonefmnews,jjstonefmnews,,0,0,0,0,0,0,0,0
kcautv,kcautv,,0,0,0,0,0,0,0,0
adendeeq,adendeeq,,0,0,0,0,0,0,0,0
mailonline,mailonline,,0,0,0,0,7,10,0,10
evekendall76,evekendall76,,0,0,0,0,0,0,0,0
happybunnybee,happybunnybee,,1,1,1,17,9,2,1,3
kachirilady,kachirilady,,0,0,0,0,0,0,0,0
treanmachine,treanmachine,,4,0.426471,0.482759,266.5,9,2,3,5
mizzbronze,mizzbronze,,1,1,1,0,1,0,7,7
rjmyers,rjmyers,,0,0,0,0,1,6,0,6
oboigbei,oboigbei,,1,1,1,0,17,0,6,6
deanstottsbs,deanstottsbs,,0,0,0,0,3,5,0,5
isis70707916,isis70707916,,0,0,0,0,0,0,0,0
app_refine,app_refine,,0,0,0,0,0,0,0,0
nelsonmandelan7,nelsonmandelan7,,0,0,0,0,0,0,0,0
fitzscott2507,fitzscott2507,,0,0,0,0,0,0,0,0
_thelegion_,_thelegion_,,0,0,0,0,0,0,0,0
kajolmomento,kajolmomento,,2,0.8125,0.884615,11,17,1,10,11
mu_ri_elle,mu_ri_elle,,0,0,0,0,17,5,0,5
schranzino,schranzino,,0,0,0,0,0,0,0,0
iamsophianelson,iamsophianelson,,0,0,0,0,0,0,0,0
thesnowdens,thesnowdens,,0,0,0,0,0,0,0,0
eschorre,eschorre,,0,0,0,0,0,0,0,0
ntvde,ntvde,,0,0,0,0,0,0,0,0
divat05,divat05,,0,0,0,0,0,0,0,0
daily_express,daily_express,,0,0,0,0,7,9,0,9
telegraph,telegraph,,0,0,0,0,7,2,0,2
jaymdee10,jaymdee10,,0,0,0,0,0,0,0,0
isleofsceptre,isleofsceptre,,0,0,0,0,4,0,0,0
simonscottuknz,simonscottuknz,,0,0,0,0,0,0,0,0
zipporahmoses,zipporahmoses,,1,1,1,0,9,0,1,1
adonaireigns,adonaireigns,,0,0,0,0,0,0,0,0
rusignificant,rusignificant,,0,0,0,0,0,0,0,0
onewomanwarrior,onewomanwarrior,,0,0,0,0,0,0,0,0
royalcrown___,royalcrown___,,0,0,0,0,0,0,0,0
jaynesloan17,jaynesloan17,,3,0.588235,0.683333,0,1,0,8,8
ladymoomoo95,ladymoomoo95,,0,0,0,0,0,0,0,0
instantheight1,instantheight1,,0,0,0,0,0,0,0,0
sharronrene_,sharronrene_,,1,1,1,4,7,1,4,5
davidihales,davidihales,,0,0,0,0,0,0,0,0
taodehaas,taodehaas,,0,0,0,0,0,0,0,0
caitcrafter,caitcrafter,,0,0,0,0,0,0,0,0
ceebee64495886,ceebee64495886,,0,0,0,0,1,5,0,5
krisdavenpor1,krisdavenpor1,,0,0,0,0,0,0,0,0
patrickflamant,patrickflamant,,0,0,0,0,0,0,0,0
rtbfinfo,rtbfinfo,,0,0,0,0,0,0,0,0
helenhatessmear,helenhatessmear,,0,0,0,0,0,0,0,0
liamyoung,liamyoung,,0,0,0,0,0,0,0,0
priest_cortez,priest_cortez,,0,0,0,0,0,0,0,0
shak_ja,shak_ja,,0,0,0,0,16,1,0,1
ebirdonline,ebirdonline,,0,0,0,0,0,0,0,0
anderschukwu,anderschukwu,,0,0,0,0,0,0,0,0
richwoodsaus,richwoodsaus,,0,0,0,0,0,0,0,0
devlingirl,devlingirl,,0,0,0,0,9,1,0,1
georgie_g,georgie_g,,2,0.666667,0.75,0,9,0,2,2
newsthump,newsthump,,0,0,0,0,0,0,0,0
welshwitch68,welshwitch68,,0,0,0,0,0,0,0,0
s_siter,s_siter,,0,0,0,0,0,0,0,0
richardaeden,richardaeden,,0,0,0,0,1,4,0,4
jerome_gillain,jerome_gillain,,0,0,0,0,0,0,0,0
thefive,thefive,,0,0,0,0,0,0,0,0
darralluk07,darralluk07,,0,0,0,0,0,0,0,0
etonoldboys,etonoldboys,,0,0,0,0,0,0,0,0
ladyjmbala,ladyjmbala,,0,0,0,0,0,0,0,0
sidecarteam33,sidecarteam33,,0,0,0,0,0,0,0,0
tiyana20,tiyana20,,0,0,0,0,0,0,0,0
drumstx1,drumstx1,,0,0,0,0,0,0,0,0
realsi_jeff,realsi_jeff,,0,0,0,0,0,0,0,0
toryboypierce,toryboypierce,,0,0,0,0,7,3,0,3
angelneptustar,angelneptustar,,5,0.290909,0.355729,31,16,1,3,4
oneofthesilent1,oneofthesilent1,,0,0,0,0,0,0,0,0
suallen03,suallen03,,0,0,0,0,0,0,0,0
jamadari,jamadari,,0,0,0,0,0,0,0,0
royalastrologst,royalastrologst,,0,0,0,0,0,0,0,0
justice83169188,justice83169188,,0,0,0,0,0,0,0,0
crimlaw69,crimlaw69,,0,0,0,0,0,0,0,0
crayon78848049,crayon78848049,,0,0,0,0,0,0,0,0
mitchbytes,mitchbytes,,0,0,0,0,0,0,0,0
cnn,cnn,,0,0,0,0,5,0,0,0
duchessofpoms,duchessofpoms,,0,0,0,0,0,0,0,0
busty01,busty01,,1,1,1,1,9,1,1,2
pbjpius,pbjpius,,0,0,0,0,0,0,0,0
nicolagormley,nicolagormley,,0,0,0,0,6,0,0,0
librevzl,librevzl,,0,0,0,0,0,0,0,0
bhaddhad,bhaddhad,,0,0,0,0,0,0,0,0
armyboard2020,armyboard2020,,0,0,0,0,0,0,0,0
permsecmod,permsecmod,,0,0,0,0,0,0,0,0
athomeknitting,athomeknitting,,0,0,0,0,0,0,0,0
djb_aviaition,djb_aviaition,,0,0,0,0,0,0,0,0
armycgs,armycgs,,0,0,0,0,0,0,0,0
simonc43174444,simonc43174444,,0,0,0,0,0,0,0,0
akasmudge,akasmudge,,0,0,0,0,0,0,0,0
lankaprince,lankaprince,,0,0,0,0,0,0,0,0
bbcnews,bbcnews,,0,0,0,0,13,2,0,2
ukcivilservice,ukcivilservice,,0,0,0,0,0,0,0,0
martymaclaugh,martymaclaugh,,0,0,0,0,0,0,0,0
dailymirror,dailymirror,,0,0,0,0,7,8,0,8
eaglejack11,eaglejack11,,0,0,0,0,0,0,0,0
dcpurcell,dcpurcell,,0,0,0,0,0,0,0,0
annealmd,annealmd,,0,0,0,0,0,0,0,0
book_worm3,book_worm3,,0,0,0,0,0,0,0,0
edserstars,edserstars,,0,0,0,0,17,1,0,1
sucuzcu,sucuzcu,,0,0,0,0,0,0,0,0
royalfamily,royalfamily,,0,0,0,0,9,2,0,2
322messenger,322messenger,,0,0,0,0,0,0,0,0
timeanddate,timeanddate,,0,0,0,0,0,0,0,0
libmannnsaxhss,libmannnsaxhss,,0,0,0,0,16,4,0,4
eviethats,eviethats,,0,0,0,0,0,0,0,0
traceynew,traceynew,,0,0,0,0,0,0,0,0
byqueenvic,byqueenvic,,0,0,0,0,0,0,0,0
chloe007summer,chloe007summer,,0,0,0,0,0,0,0,0
nigel_farage,nigel_farage,,0,0,0,0,0,0,0,0
deshveen,deshveen,,0,0,0,0,0,0,0,0
gatitonic1968,gatitonic1968,,1,1,1,25.5,9,4,2,6
danielcyberman,danielcyberman,,0,0,0,0,0,0,0,0
jacobgaiiagher,jacobgaiiagher,,0,0,0,0,0,0,0,0
peggyannblack,peggyannblack,,0,0,0,0,0,0,0,0
muscadaisy,muscadaisy,,0,0,0,0,0,0,0,0
lizzleinbrizzle,lizzleinbrizzle,,0,0,0,0,0,0,0,0
theroyaleditor,theroyaleditor,,0,0,0,0,0,0,0,0
italoscott1,italoscott1,,0,0,0,0,0,0,0,0
kedge23,kedge23,,0,0,0,0,0,0,0,0
ksuarez77,ksuarez77,,0,0,0,0,0,0,0,0
bethvaughan15,bethvaughan15,,0,0,0,0,0,0,0,0
editordeedee,editordeedee,,0,0,0,0,0,0,0,0
mimizwei,mimizwei,,1,1,1,2,13,1,2,3
maggierulli,maggierulli,,0,0,0,0,0,0,0,0
icklenoni,icklenoni,,0,0,0,0,0,0,0,0
anne_marchant,anne_marchant,,0,0,0,0,0,0,0,0
purpleo95454503,purpleo95454503,,1,1,1,0,15,0,2,2
rfitzwilliams,rfitzwilliams,,0,0,0,0,0,0,0,0
barbarajgubbins,barbarajgubbins,,0,0,0,0,0,0,0,0
tombradby,tombradby,,0,0,0,0,0,0,0,0
cbsnews,cbsnews,,0,0,0,0,13,2,0,2
uklpsl,uklpsl,,5,0.314685,0.397037,0,9,0,6,6
meghanistbackup,meghanistbackup,,0,0,0,0,0,0,0,0
lond0ncall1ng,lond0ncall1ng,,0,0,0,0,0,0,0,0
madelei28864095,madelei28864095,,0,0,0,0,0,0,0,0
independent,independent,,0,0,0,0,7,2,0,2
bart_sheriff,bart_sheriff,,0,0,0,0,0,0,0,0
ellllaa_,ellllaa_,,0,0,0,0,0,0,0,0
galway_pixie,galway_pixie,,0,0,0,0,0,0,0,0
hammettkat,hammettkat,,0,0,0,0,0,0,0,0
foxiloulou,foxiloulou,,2,0.833333,0.9,0,1,0,4,4
almost_sunrise_,almost_sunrise_,,1,1,1,2,1,2,1,3
zeldavegas,zeldavegas,,1,1,1,0,15,0,2,2
ycnw_1,ycnw_1,,0,0,0,0,0,0,0,0
helloval02,helloval02,,0,0,0,0,0,0,0,0
superscuba83,superscuba83,,0,0,0,0,1,2,0,2
sakrong,sakrong,,0,0,0,0,0,0,0,0
joekrackvillejd,joekrackvillejd,,0,0,0,0,0,0,0,0
piresmorgan,piresmorgan,,0,0,0,0,0,0,0,0
marcigower,marcigower,,0,0,0,0,0,0,0,0
cbtweets7,cbtweets7,,0,0,0,0,0,0,0,0
owilliams6,owilliams6,,0,0,0,0,0,0,0,0
nbcnewsnow,nbcnewsnow,,0,0,0,0,0,0,0,0
dieselsmighty,dieselsmighty,,0,0,0,0,0,0,0,0
joetke,joetke,,0,0,0,0,0,0,0,0
lci,lci,,0,0,0,0,0,0,0,0
nononkele1,nononkele1,,0,0,0,0,0,0,0,0
bbcbreaking,bbcbreaking,,0,0,0,0,0,0,0,0
liameljefe,liameljefe,,0,0,0,0,0,0,0,0
alishamayer11,alishamayer11,,0,0,0,0,0,0,0,0
koromabarbara,koromabarbara,,0,0,0,0,0,0,0,0
ledbettercarly,ledbettercarly,,0,0,0,0,9,4,0,4
3t1kd,3t1kd,,0,0,0,0,0,0,0,0
drmalrob062,drmalrob062,,0,0,0,0,0,0,0,0
skynews,skynews,,0,0,0,0,7,3,0,3
lexirosegb,lexirosegb,,0,0,0,0,0,0,0,0
lola_styles,lola_styles,,0,0,0,0,0,0,0,0
derspiegel,derspiegel,,0,0,0,0,0,0,0,0
write_n_chat,write_n_chat,,1,1,1,0,16,0,2,2
visualreceipts,visualreceipts,,0,0,0,0,0,0,0,0
darlingm777,darlingm777,,1,1,1,0,16,0,6,6
dharmann,dharmann,,0,0,0,0,0,0,0,0
complyorcry,complyorcry,,0,0,0,0,0,0,0,0
davidschneider,davidschneider,,0,0,0,0,0,0,0,0
canuckabroad3,canuckabroad3,,0,0,0,0,0,0,0,0
camillatominey,camillatominey,,0,0,0,0,13,4,0,4
naima50001623,naima50001623,,0,0,0,0,0,0,0,0
anna_itsonlyme,anna_itsonlyme,,0,0,0,0,3,4,0,4
nopieceofchoc,nopieceofchoc,,0,0,0,0,0,0,0,0
accessonline,accessonline,,0,0,0,0,0,0,0,0
kreatable,kreatable,,0,0,0,0,0,0,0,0
studentdoc_cole,studentdoc_cole,,0,0,0,0,0,0,0,0
rianne088,rianne088,,0,0,0,0,0,0,0,0
thatsassyleo,thatsassyleo,,0,0,0,0,0,0,0,0
judithneile,judithneile,,0,0,0,0,0,0,0,0
stardust_lune,stardust_lune,,0,0,0,0,0,0,0,0
adaliabooks,adaliabooks,,0,0,0,0,0,0,0,0
abgweth,abgweth,,1,1,1,0,17,0,4,4
tyorksher,tyorksher,,0,0,0,0,0,0,0,0
respectisvital,respectisvital,,0,0,0,0,0,0,0,0
l_qking_,l_qking_,,0,0,0,0,0,0,0,0
artsandculture,artsandculture,,2,0.761905,0.84375,211.5,15,1,11,12
chrisshipitv,chrisshipitv,,0,0,0,0,15,4,0,4
carolyndurand,carolyndurand,,0,0,0,0,0,0,0,0
ddubeternallove,ddubeternallove,,0,0,0,0,16,3,0,3
colbaltsparkle,colbaltsparkle,,1,1,1,61,7,2,6,8
sussexalltheway,sussexalltheway,,0,0,0,0,0,0,0,0
skynewsbreak,skynewsbreak,,0,0,0,0,0,0,0,0
wendypr42941811,wendypr42941811,,0,0,0,0,0,0,0,0
unicodacorn,unicodacorn,,0,0,0,0,0,0,0,0
roberthellgrewe,roberthellgrewe,,0,0,0,0,0,0,0,0
yojaalz,yojaalz,,0,0,0,0,0,0,0,0
the71_niji,the71_niji,,0,0,0,0,0,0,0,0
kensingtonroyal,kensingtonroyal,,0,0,0,0,16,4,0,4
sedonabert62,sedonabert62,,0,0,0,0,0,0,0,0
clarencehouse,clarencehouse,,0,0,0,0,0,0,0,0
jazzhero2,jazzhero2,,0,0,0,0,0,0,0,0
julesbal1,julesbal1,,0,0,0,0,0,0,0,0
kentlivenews,kentlivenews,,0,0,0,0,0,0,0,0
linzevc,linzevc,,0,0,0,0,8,0,0,0
markbriancorden,markbriancorden,,0,0,0,0,0,0,0,0
diaryotdgirl,diaryotdgirl,,1,1,1,0,3,0,2,2
archiemeghaz,archiemeghaz,,0,0,0,0,13,1,0,1
cuteahmah,cuteahmah,,0,0,0,0,0,0,0,0
venicegirlw2,venicegirlw2,,0,0,0,0,0,0,0,0
forcesnews,forcesnews,,0,0,0,0,3,3,0,3
waruni_smith,waruni_smith,,0,0,0,0,0,0,0,0
hypesleek,hypesleek,,1,1,1,0,1,0,5,5
royalreporter,royalreporter,,0,0,0,0,15,3,0,3
angelalevin1,angelalevin1,,0,0,0,0,1,12,0,12
a_1000_sunny,a_1000_sunny,,0,0,0,0,0,0,0,0
jamiesamhan,jamiesamhan,,0,0,0,0,0,0,0,0
hnmsupporter,hnmsupporter,,0,0,0,0,0,0,0,0
itvnews,itvnews,,0,0,0,0,15,1,0,1
nkechi_first,nkechi_first,,0,0,0,0,0,0,0,0
emerit19,emerit19,,0,0,0,0,0,0,0,0
cnni,cnni,,0,0,0,0,0,0,0,0
mydukeandi1,mydukeandi1,,0,0,0,0,17,3,0,3
gracesmom48,gracesmom48,,0,0,0,0,0,0,0,0
my_opnion,my_opnion,,1,1,1,0,3,0,3,3
userunknown200,userunknown200,,0,0,0,0,0,0,0,0
kat_sing,kat_sing,,0,0,0,0,0,0,0,0
abc,abc,,0,0,0,0,17,2,0,2
davidpuckridge,davidpuckridge,,0,0,0,0,0,0,0,0
sunshine4love,sunshine4love,,0,0,0,0,0,0,0,0
drdominicgreen,drdominicgreen,,0,0,0,0,0,0,0,0
artsarise,artsarise,,0,0,0,0,0,0,0,0
freepeeper,freepeeper,,0,0,0,0,0,0,0,0
nikkiwatitdo,nikkiwatitdo,,1,1,1,0,16,0,2,2
chaos_silent,chaos_silent,,0,0,0,0,0,0,0,0
matthaig1,matthaig1,,0,0,0,0,0,0,0,0
ramonaalex3,ramonaalex3,,0,0,0,0,0,0,0,0
texasflatlander,texasflatlander,,0,0,0,0,0,0,0,0
jodivarunner,jodivarunner,,0,0,0,0,17,2,0,2
aized10,aized10,,0,0,0,0,0,0,0,0
salonedesserts,salonedesserts,,0,0,0,0,0,0,0,0
brenbrenchie,brenbrenchie,,0,0,0,0,0,0,0,0
blainegreenwich,blainegreenwich,,0,0,0,0,0,0,0,0
missdeen2,missdeen2,,0,0,0,0,0,0,0,0
burylass144,burylass144,,0,0,0,0,0,0,0,0
yasminkhimani,yasminkhimani,,0,0,0,0,0,0,0,0
walkerstalker18,walkerstalker18,,0,0,0,0,0,0,0,0
3wisemonk3ys,3wisemonk3ys,,0,0,0,0,0,0,0,0
danielleamelia_,danielleamelia_,,0,0,0,0,0,0,0,0
raich89,raich89,,0,0,0,0,0,0,0,0
grandad2002,grandad2002,,0,0,0,0,0,0,0,0
sussexhenryviii,sussexhenryviii,,0,0,0,0,9,5,0,5
danwootton,danwootton,,0,0,0,0,15,5,0,5
moldovia,moldovia,,0,0,0,0,0,0,0,0
skewsmug,skewsmug,,0,0,0,0,0,0,0,0
danat_innocent,danat_innocent,,0,0,0,0,0,0,0,0
here4sussex,here4sussex,,0,0,0,0,0,0,0,0
neilseanshowbiz,neilseanshowbiz,,0,0,0,0,0,0,0,0
royalcentral,royalcentral,,0,0,0,0,16,2,0,2
stylishstyletoo,stylishstyletoo,,1,1,1,0,17,0,2,2
bellaafrorican1,bellaafrorican1,,0,0,0,0,0,0,0,0
welshcelt,welshcelt,,0,0,0,0,0,0,0,0
prpdubent,prpdubent,,0,0,0,0,0,0,0,0
vmkirk,vmkirk,,0,0,0,0,0,0,0,0
guiseppim,guiseppim,,0,0,0,0,0,0,0,0
saffiya_khan1,saffiya_khan1,,0,0,0,0,0,0,0,0
kdrama_newbie,kdrama_newbie,,0,0,0,0,0,0,0,0
theperfecthire,theperfecthire,,0,0,0,0,0,0,0,0
godblessusaye,godblessusaye,,0,0,0,0,0,0,0,0
allsussextweets,allsussextweets,,1,1,1,4,3,5,1,6
beverlyfellsjon,beverlyfellsjon,,0,0,0,0,0,0,0,0
810matriarch,810matriarch,,0,0,0,0,0,0,0,0
leaveeuofficial,leaveeuofficial,,0,0,0,0,0,3,0,3
lhan85,lhan85,,0,0,0,0,0,0,0,0
chanchie19,chanchie19,,1,1,1,0,13,0,3,3
royanikkhah,royanikkhah,,0,0,0,0,0,0,0,0
tradcatfem,tradcatfem,,0,0,0,0,0,0,0,0
gossipgirl9283,gossipgirl9283,,0,0,0,0,0,0,0,0
lthesussex,lthesussex,,1,1,1,0,7,0,2,2
thesun,thesun,,0,0,0,0,7,3,0,3
willina_m,willina_m,,1,1,1,3,17,2,1,3
ravylesley,ravylesley,,0,0,0,0,0,0,0,0
ajanoly,ajanoly,,0,0,0,0,0,0,0,0
lorabells3,lorabells3,,0,0,0,0,0,0,0,0
llamedos77,llamedos77,,0,0,0,0,0,0,0,0
jeaniethepixie,jeaniethepixie,,0,0,0,0,0,0,0,0
geoffreymyers1,geoffreymyers1,,0,0,0,0,0,0,0,0
wildeabrams,wildeabrams,,0,0,0,0,0,0,0,0
irisinidavis,irisinidavis,,0,0,0,0,0,0,0,0
tctuba72,tctuba72,,0,0,0,0,0,0,0,0
karenri86166840,karenri86166840,,0,0,0,0,0,0,0,0
dj_carr93,dj_carr93,,0,0,0,0,0,0,0,0
metrouk,metrouk,,0,0,0,0,0,0,0,0
drewpdrew91,drewpdrew91,,2,0.666667,0.75,0,9,0,2,2
lanterisharon,lanterisharon,,0,0,0,0,0,0,0,0
orthodontella,orthodontella,,0,0,0,0,0,0,0,0
kadybug00,kadybug00,,0,0,0,0,9,4,0,4
jopollee,jopollee,,0,0,0,0,0,0,0,0
chiomaeucheria,chiomaeucheria,,2,0.583333,0.642857,0,1,0,2,2
evenleystar,evenleystar,,0,0,0,0,0,0,0,0
nnek01,nnek01,,0,0,0,0,0,0,0,0
magarimogale,magarimogale,,0,0,0,0,0,0,0,0
gbigkevin,gbigkevin,,0,0,0,0,0,0,0,0
susannareid100,susannareid100,,0,0,0,0,0,0,0,0
carola_andrea_,carola_andrea_,,0,0,0,0,0,0,0,0
johntmurphy1943,johntmurphy1943,,0,0,0,0,0,0,0,0
thejeremyvine,thejeremyvine,,0,0,0,0,0,0,0,0
hannahlewis808,hannahlewis808,,0,0,0,0,0,0,0,0
3malibus,3malibus,,0,0,0,0,0,0,0,0
burlingtonwifi,burlingtonwifi,,0,0,0,0,0,0,0,0
ctvnationalnews,ctvnationalnews,,0,0,0,0,0,0,0,0
iansmithson4,iansmithson4,,0,0,0,0,0,0,0,0
dondona246,dondona246,,0,0,0,0,0,0,0,0
foxesdale,foxesdale,,0,0,0,0,0,0,0,0
uk_sf_writer,uk_sf_writer,,0,0,0,0,0,0,0,0
veronic21128303,veronic21128303,,0,0,0,0,0,0,0,0
enelradarcom,enelradarcom,,0,0,0,0,0,0,0,0
icitizen12,icitizen12,,0,0,0,0,0,0,0,0
radseed,radseed,,0,0,0,0,0,0,0,0
ol0ol0o,ol0ol0o,,0,0,0,0,0,0,0,0
rose_tootla,rose_tootla,,3,0.552632,0.642857,0,17,0,7,7
alleged84206983,alleged84206983,,1,1,1,0,13,0,4,4
hakimadga,hakimadga,,0,0,0,0,0,0,0,0
crocusville,crocusville,,0,0,0,0,0,0,0,0
desm7496,desm7496,,0,0,0,0,0,0,0,0
a_a_lou,a_a_lou,,0,0,0,0,0,0,0,0
chrisjack_getty,chrisjack_getty,,0,0,0,0,0,0,0,0
vickyodonnell01,vickyodonnell01,,0,0,0,0,0,0,0,0
lsw12612672511,lsw12612672511,,0,0,0,0,0,0,0,0
estonian01,estonian01,,2,0.833333,0.9,13,17,3,4,7
jjparke83477408,jjparke83477408,,0,0,0,0,0,0,0,0
davewhiteman101,davewhiteman101,,2,0.666667,0.75,2,17,1,1,2
mrsmacchan,mrsmacchan,,0,0,0,0,0,0,0,0
ijsatterthwaite,ijsatterthwaite,,0,0,0,0,0,0,0,0
prisonplanet,prisonplanet,,0,0,0,0,0,0,0,0
uk999ers,uk999ers,,0,0,0,0,0,0,0,0
irishheart1960,irishheart1960,,0,0,0,0,0,0,0,0
epattoncc,epattoncc,,0,0,0,0,0,0,0,0
summerrhapsody,summerrhapsody,,6,0.286885,0.420952,0,1,0,7,7
shylockssister,shylockssister,,0,0,0,0,0,0,0,0
bberrybeth365,bberrybeth365,,0,0,0,0,0,0,0,0
ladyjacq66,ladyjacq66,,0,0,0,0,0,0,0,0
royalbunions,royalbunions,,0,0,0,0,0,0,0,0
karenonsteroids,karenonsteroids,,0,0,0,0,0,0,0,0
mariannevalen20,mariannevalen20,,0,0,0,0,0,0,0,0
laughoutlander,laughoutlander,,0,0,0,0,0,0,0,0
otoolebrown,otoolebrown,,0,0,0,0,0,0,0,0
lozzafox,lozzafox,,0,0,0,0,0,0,0,0
gartnerjameie,gartnerjameie,,0,0,0,0,0,0,0,0
vjessben,vjessben,,0,0,0,0,0,0,0,0
bazaritodorito,bazaritodorito,,0,0,0,0,0,0,0,0
vee_victory,vee_victory,,3,0.5625,0.648148,0,17,0,3,3
roseblooddrops,roseblooddrops,,0,0,0,0,0,0,0,0
vavra29,vavra29,,0,0,0,0,0,0,0,0
tia48544709,tia48544709,,0,0,0,0,0,0,0,0
squad_sussex,squad_sussex,,0,0,0,0,0,0,0,0
saturnreturnzz,saturnreturnzz,,2,0.75,0.833333,0,1,0,2,2
eliana_bovenje,eliana_bovenje,,0,0,0,0,0,0,0,0
tballard_terri,tballard_terri,,0,0,0,0,0,0,0,0
ginou1010,ginou1010,,1,1,1,2,17,1,1,2
agathedelili,agathedelili,,0,0,0,0,0,0,0,0
bohemianwoman1,bohemianwoman1,,0,0,0,0,0,0,0,0
sososissi45,sososissi45,,0,0,0,0,0,0,0,0
antmiddleton,antmiddleton,,0,0,0,0,0,0,0,0
psilvertongue2,psilvertongue2,,0,0,0,0,0,0,0,0
nbcnews,nbcnews,,0,0,0,0,0,0,0,0
jenfullick,jenfullick,,0,0,0,0,0,0,0,0
kaylaadams___,kaylaadams___,,0,0,0,0,0,0,0,0
wilderoosje,wilderoosje,,0,0,0,0,0,0,0,0
ceejervis,ceejervis,,0,0,0,0,0,0,0,0
pagesix,pagesix,,0,0,0,0,7,10,0,10
joerg_is_back,joerg_is_back,,0,0,0,0,0,0,0,0
nayelyspring910,nayelyspring910,,0,0,0,0,0,0,0,0
bonnielatino,bonnielatino,,0,0,0,0,0,0,0,0
iitony7,iitony7,,0,0,0,0,0,0,0,0
tory_abbey,tory_abbey,,0,0,0,0,0,0,0,0
nicola_willow,nicola_willow,,0,0,0,0,0,0,0,0
sschristensen,sschristensen,,0,0,0,0,0,0,0,0
lande007,lande007,,0,0,0,0,0,0,0,0
tellitl66077922,tellitl66077922,,5,0.314286,0.419697,28,9,1,6,7
royal_suitor,royal_suitor,,0,0,0,0,7,3,0,3
megtungstengold,megtungstengold,,0,0,0,0,0,0,0,0
meghanmood,meghanmood,,0,0,0,0,1,2,0,2
meghanmarkle,meghanmarkle,,0,0,0,0,0,0,0,0
esmerel44191850,esmerel44191850,,0,0,0,0,0,0,0,0
marypkarnes,marypkarnes,,0,0,0,0,0,0,0,0
louloula10,louloula10,,0,0,0,0,15,3,0,3
pererasamdhan,pererasamdhan,,0,0,0,0,0,0,0,0
tompeck,tompeck,,0,0,0,0,0,0,0,0
jboyded,jboyded,,0,0,0,0,0,0,0,0
theblogard,theblogard,,0,0,0,0,0,0,0,0
jjjj89993102,jjjj89993102,,0,0,0,0,0,0,0,0
googlesearchc,googlesearchc,,0,0,0,0,0,0,0,0
kathyrinkes,kathyrinkes,,0,0,0,0,0,0,0,0
nypost,nypost,,0,0,0,0,15,3,0,3
sudskawanda,sudskawanda,,0,0,0,0,0,0,0,0
madukes529,madukes529,,0,0,0,0,0,0,0,0
victimofcypgov,victimofcypgov,,0,0,0,0,0,0,0,0
marymacelveen,marymacelveen,,0,0,0,0,0,0,0,0
murky__meg,murky__meg,,0,0,0,0,1,8,0,8
wsen07128897,wsen07128897,,1,1,1,0,13,0,3,3
syrophoenesian,syrophoenesian,,0,0,0,0,0,0,0,0
willieruthwill1,willieruthwill1,,0,0,0,0,0,0,0,0
juliewi74303676,juliewi74303676,,0,0,0,0,0,0,0,0
cktweeet,cktweeet,,0,0,0,0,0,0,0,0
herandu,herandu,,0,0,0,0,0,0,0,0
tulippenney,tulippenney,,0,0,0,0,0,0,0,0
theissue27,theissue27,,0,0,0,0,0,0,0,0
cosette31398758,cosette31398758,,0,0,0,0,0,0,0,0
owensmarian7,owensmarian7,,2,0.75,0.833333,0,17,0,2,2
huffpost,huffpost,,0,0,0,0,0,0,0,0
groger2002,groger2002,,0,0,0,0,0,0,0,0
tvkhaleesi,tvkhaleesi,,0,0,0,0,0,0,0,0
sextondickson,sextondickson,,0,0,0,0,0,0,0,0
hackneyblack,hackneyblack,,0,0,0,0,0,0,0,0
prince_latest,prince_latest,,0,0,0,0,0,0,0,0
conquersalllove,conquersalllove,,5,0.342342,0.4,0,9,0,2,2
suzyyoung24,suzyyoung24,,0,0,0,0,0,0,0,0
ynotjones,ynotjones,,0,0,0,0,0,0,0,0
nannydeb79,nannydeb79,,1,1,1,0,1,0,1,1
remisagoodboy,remisagoodboy,,0,0,0,0,0,0,0,0
truthmatters333,truthmatters333,,0,0,0,0,0,0,0,0
olive2802,olive2802,,0,0,0,0,0,0,0,0
robert02854791,robert02854791,,0,0,0,0,0,0,0,0
bkoblischek,bkoblischek,,0,0,0,0,0,0,0,0
lovecambridges_,lovecambridges_,,0,0,0,0,0,0,0,0
0724mkc,0724mkc,,0,0,0,0,0,0,0,0
citygirl684,citygirl684,,0,0,0,0,0,0,0,0
jgjerdrum,jgjerdrum,,0,0,0,0,0,0,0,0
necornilius,necornilius,,0,0,0,0,0,0,0,0
1tech4,1tech4,,1,1,1,0,17,0,5,5
gsgtheoriginal,gsgtheoriginal,,0,0,0,0,0,0,0,0
wiltsmoonraker,wiltsmoonraker,,0,0,0,0,0,0,0,0
sloyoroll01973,sloyoroll01973,,0,0,0,0,0,0,0,0
estherclimate,estherclimate,,0,0,0,0,0,0,0,0
iam_myraj,iam_myraj,,0,0,0,0,0,0,0,0
sussexsupremacy,sussexsupremacy,,0,0,0,0,0,0,0,0
americankat62,americankat62,,0,0,0,0,0,0,0,0
buglugg,buglugg,,0,0,0,0,0,0,0,0
ladynegrita2,ladynegrita2,,0,0,0,0,0,0,0,0
mrjustsaying,mrjustsaying,,1,1,1,0,16,0,2,2
things_royal,things_royal,,0,0,0,0,16,2,0,2
kristenmeinzer,kristenmeinzer,,0,0,0,0,0,0,0,0
faith_first1,faith_first1,,0,0,0,0,0,0,0,0
veroniquekambag,veroniquekambag,,0,0,0,0,0,0,0,0
catloverirene,catloverirene,,0,0,0,0,0,0,0,0
russpurdie,russpurdie,,0,0,0,0,0,0,0,0
schwabbum,schwabbum,,0,0,0,0,0,0,0,0
joshjay1969,joshjay1969,,0,0,0,0,0,0,0,0
hooliganleather,hooliganleather,,0,0,0,0,0,0,0,0
mizzyii,mizzyii,,1,1,1,0,7,0,2,2
thetalkcbs,thetalkcbs,,0,0,0,0,0,0,0,0
crsmith51,crsmith51,,0,0,0,0,0,0,0,0
people,people,,0,0,0,0,13,4,0,4
arvind029,arvind029,,0,0,0,0,0,0,0,0
livelawindia,livelawindia,,0,0,0,0,0,0,0,0
ellensmomma,ellensmomma,,1,1,1,0,2,0,1,1
sarahtheduchess,sarahtheduchess,,0,0,0,0,0,0,0,0
theshiralee,theshiralee,,0,0,0,0,0,0,0,0
thesting17,thesting17,,0,0,0,0,0,0,0,0
johnmiller,johnmiller,,0,0,0,0,0,0,0,0
justice59040798,justice59040798,,2,0.8,0.875,0,13,0,3,3
farah07595123,farah07595123,,0,0,0,0,0,0,0,0
cbsnewspath,cbsnewspath,,0,0,0,0,0,0,0,0
avalonemory,avalonemory,,0,0,0,0,0,0,0,0
royalystrategic,royalystrategic,,0,0,0,0,1,1,0,1
andrews29john,andrews29john,,0,0,0,0,0,0,0,0
gmb,gmb,,0,0,0,0,10,0,0,0
alison_j,alison_j,,0,0,0,0,11,0,0,0
debbie04489238,debbie04489238,,0,0,0,0,0,0,0,0
mattylad,mattylad,,0,0,0,0,0,0,0,0
str8talkin88,str8talkin88,,1,1,1,0,7,0,3,3
thefoxholenews,thefoxholenews,,0,0,0,0,0,0,0,0
brexitbassist,brexitbassist,,0,0,0,0,0,0,0,0
kennn21710790,kennn21710790,,0,0,0,0,0,0,0,0
salty_duchess,salty_duchess,,1,1,1,2,15,1,1,2
yayamathilde,yayamathilde,,0,0,0,0,0,0,0,0
allan3_marshall,allan3_marshall,,0,0,0,0,0,0,0,0
jhootha_chal,jhootha_chal,,0,0,0,0,0,0,0,0
february1316,february1316,,5,0.318584,0.387037,108,9,1,3,4
whendreamscome,whendreamscome,,1,1,1,29,1,2,6,8
hotpage_news,hotpage_news,,0,0,0,0,0,0,0,0
okmagazine,okmagazine,,0,0,0,0,0,0,0,0
iteachlilpeople,iteachlilpeople,,0,0,0,0,0,0,0,0
oprah,oprah,,0,0,0,0,9,1,0,1
sonkonews,sonkonews,,0,0,0,0,0,0,0,0
laurel12171,laurel12171,,0,0,0,0,0,0,0,0
paulapplewood1,paulapplewood1,,0,0,0,0,0,0,0,0
twistedties,twistedties,,4,0.371795,0.431034,360.5,9,9,3,12
franked1967,franked1967,,0,0,0,0,0,0,0,0
trailer_swift69,trailer_swift69,,0,0,0,0,0,0,0,0
domnicholls,domnicholls,,0,0,0,0,0,0,0,0
winifredlovatt,winifredlovatt,,0,0,0,0,0,0,0,0
skynewsaust,skynewsaust,,0,0,0,0,0,0,0,0
loopylala101,loopylala101,,2,0.8,0.875,0,0,0,3,3
lemondrop49,lemondrop49,,0,0,0,0,0,0,0,0
emmara70,emmara70,,0,0,0,0,0,0,0,0
thismorning,thismorning,,0,0,0,0,0,0,0,0
etcanada,etcanada,,0,0,0,0,17,3,0,3
judymorris3,judymorris3,,0,0,0,0,0,0,0,0
lillisawyer17,lillisawyer17,,0,0,0,0,0,0,0,0
shaheen05183404,shaheen05183404,,1,1,1,0,1,0,2,2
fiffywm,fiffywm,,0,0,0,0,0,0,0,0
phildampier,phildampier,,0,0,0,0,0,0,0,0
ebendavid5,ebendavid5,,0,0,0,0,0,0,0,0
hitechgurus,hitechgurus,,0,0,0,0,0,0,0,0
edcomedian,edcomedian,,0,0,0,0,0,0,0,0
hrh_spice,hrh_spice,,0,0,0,0,0,0,0,0
markle_team,markle_team,,0,0,0,0,0,0,0,0
robinpersaud9,robinpersaud9,,0,0,0,0,0,0,0,0
sarahthomson18,sarahthomson18,,0,0,0,0,0,0,0,0
romulo74310539,romulo74310539,,0,0,0,0,0,0,0,0
wafexchange,wafexchange,,0,0,0,0,0,0,0,0
lizyoun55179126,lizyoun55179126,,0,0,0,0,0,0,0,0
gayleking,gayleking,,0,0,0,0,1,2,0,2
lanaf59,lanaf59,,0,0,0,0,0,0,0,0
sussexsquadpod,sussexsquadpod,,6,0.246667,0.285135,74,3,1,1,2
stuwaite,stuwaite,,0,0,0,0,0,0,0,0
dickersondene,dickersondene,,0,0,0,0,0,0,0,0
aloha77usa,aloha77usa,,0,0,0,0,0,0,0,0
storyhaikutanka,storyhaikutanka,,0,0,0,0,0,0,0,0
kira_clarke,kira_clarke,,0,0,0,0,0,0,0,0
sussex_sa,sussex_sa,,0,0,0,0,0,0,0,0
duchessmeghn,duchessmeghn,,0,0,0,0,0,0,0,0
fairsociety3,fairsociety3,,1,1,1,0,15,0,3,3
roguehorsedeal,roguehorsedeal,,0,0,0,0,0,0,0,0
jazmak99,jazmak99,,0,0,0,0,0,0,0,0
talalalmaghrabi,talalalmaghrabi,,0,0,0,0,0,0,0,0
euro_paddy,euro_paddy,,0,0,0,0,0,0,0,0
flavellg,flavellg,,0,0,0,0,0,0,0,0
natasha_lass,natasha_lass,,0,0,0,0,0,0,0,0
starcaron,starcaron,,0,0,0,0,0,0,0,0
jackiesussex,jackiesussex,,0,0,0,0,0,0,0,0
arayaromaz,arayaromaz,,0,0,0,0,0,0,0,0
todayshow,todayshow,,0,0,0,0,12,0,0,0
raosnaps,raosnaps,,0,0,0,0,0,0,0,0
lfrimaire,lfrimaire,,0,0,0,0,0,0,0,0
valkeip1,valkeip1,,0,0,0,0,0,0,0,0
contakk,contakk,,0,0,0,0,0,0,0,0
colombesirene,colombesirene,,1,1,1,0,7,0,1,1
milocheshire,milocheshire,,0,0,0,0,0,0,0,0
bridgebotherer,bridgebotherer,,0,0,0,0,0,0,0,0
creativemf,creativemf,,0,0,0,0,0,0,0,0
ellenbarkin,ellenbarkin,,0,0,0,0,0,0,0,0
hrrysgreysuit,hrrysgreysuit,,0,0,0,0,0,0,0,0
celebitchy,celebitchy,,0,0,0,0,0,0,0,0
dhivehibin,dhivehibin,,0,0,0,0,0,0,0,0
jimmy_1975,jimmy_1975,,0,0,0,0,0,0,0,0
smellyfarts9,smellyfarts9,,0,0,0,0,0,0,0,0
ditzy771,ditzy771,,0,0,0,0,0,0,0,0
tystakedaily,tystakedaily,,0,0,0,0,0,0,0,0
swp25695,swp25695,,0,0,0,0,0,0,0,0
saneisha5,saneisha5,,0,0,0,0,0,0,0,0
troubleshade,troubleshade,,0,0,0,0,13,3,0,3
anmol3,anmol3,,0,0,0,0,0,0,0,0
sollunna,sollunna,,0,0,0,0,0,0,0,0
fredganza7,fredganza7,,3,0.390244,0.46875,13.5,13,1,3,4
kazzyp75,kazzyp75,,0,0,0,0,0,0,0,0
ok_magazine,ok_magazine,,0,0,0,0,15,3,0,3
catmorrin,catmorrin,,0,0,0,0,0,0,0,0
sabirahlohn,sabirahlohn,,0,0,0,0,0,0,0,0
elizabe41532076,elizabe41532076,,0,0,0,0,0,0,0,0
galaxybrainbec,galaxybrainbec,,0,0,0,0,0,0,0,0
sallamoon1,sallamoon1,,0,0,0,0,0,0,0,0
fragglechocdrop,fragglechocdrop,,1,1,1,0,15,0,1,1
suezeta,suezeta,,0,0,0,0,0,0,0,0
sandra_haith,sandra_haith,,0,0,0,0,0,0,0,0
legstasha,legstasha,,0,0,0,0,0,0,0,0
su_broo,su_broo,,0,0,0,0,0,0,0,0
charles68431225,charles68431225,,0,0,0,0,0,0,0,0
agatakoz4,agatakoz4,,0,0,0,0,0,0,0,0
hakunathefcknot,hakunathefcknot,,0,0,0,0,0,0,0,0
twig1946,twig1946,,0,0,0,0,0,0,0,0
lmnysf,lmnysf,,0,0,0,0,0,0,0,0
meanmusings,meanmusings,,0,0,0,0,0,0,0,0
mackette52,mackette52,,1,1,1,0,1,0,3,3
fibutton,fibutton,,0,0,0,0,0,0,0,0
henkiebarbin,henkiebarbin,,0,0,0,0,0,0,0,0
privateparts16,privateparts16,,1,1,1,0,1,0,2,2
eviey,eviey,,0,0,0,0,0,0,0,0
mdouglas156,mdouglas156,,0,0,0,0,0,0,0,0
theshawrus,theshawrus,,0,0,0,0,0,0,0,0
deelightri,deelightri,,0,0,0,0,0,0,0,0
bombaybevo,bombaybevo,,0,0,0,0,0,0,0,0
2tall4u2,2tall4u2,,0,0,0,0,0,0,0,0
quiscustodis,quiscustodis,,0,0,0,0,0,0,0,0
thefatmansrant,thefatmansrant,,0,0,0,0,0,0,0,0
alastairbruce_,alastairbruce_,,0,0,0,0,0,0,0,0
stephhawk8,stephhawk8,,0,0,0,0,0,0,0,0
mswazi187,mswazi187,,0,0,0,0,0,0,0,0
slwilliams1101,slwilliams1101,,0,0,0,0,0,0,0,0
lovewinningnow,lovewinningnow,,1,1,1,0,13,0,1,1
marvawi15791422,marvawi15791422,,0,0,0,0,0,0,0,0
laureng38692290,laureng38692290,,0,0,0,0,0,0,0,0
_peterhunt,_peterhunt,,0,0,0,0,13,3,0,3
krystalbal1,krystalbal1,,0,0,0,0,0,0,0,0
darcy_mcrae,darcy_mcrae,,1,1,1,3,17,3,1,4
stephanaghaagha,stephanaghaagha,,0,0,0,0,0,0,0,0
edwina_anne,edwina_anne,,1,1,1,1,0,1,1,2
alisont55793979,alisont55793979,,0,0,0,0,0,0,0,0
aoxxi23,aoxxi23,,0,0,0,0,0,0,0,0
slpng_giants,slpng_giants,,0,0,0,0,0,0,0,0
leah03706403,leah03706403,,0,0,0,0,0,0,0,0
oneripetomato,oneripetomato,,0,0,0,0,14,0,0,0
carloshugueney,carloshugueney,,0,0,0,0,0,0,0,0
princeharryofengland,princeharryofengland,,0,0,0,0,0,0,0,0
mysticmovieprod,mysticmovieprod,,0,0,0,0,0,0,0,0
justme4now0,justme4now0,,0,0,0,0,0,0,0,0
ishenarobinson,ishenarobinson,,0,0,0,0,0,0,0,0
thetoadours,thetoadours,,0,0,0,0,0,0,0,0
scoutderden,scoutderden,,0,0,0,0,0,0,0,0
slickdame,slickdame,,0,0,0,0,0,0,0,0
rlessary,rlessary,,0,0,0,0,0,0,0,0
miss_lucinda_,miss_lucinda_,,0,0,0,0,0,0,0,0
lannickhoang,lannickhoang,,0,0,0,0,0,0,0,0
supa20101,supa20101,,0,0,0,0,0,0,0,0
blacknproud365,blacknproud365,,0,0,0,0,0,0,0,0
fawn1026,fawn1026,,0,0,0,0,0,0,0,0
enews,enews,,0,0,0,0,7,3,0,3
robsmit77789957,robsmit77789957,,0,0,0,0,0,0,0,0
boxmontessori,boxmontessori,,0,0,0,0,0,0,0,0
pa,pa,,0,0,0,0,0,0,0,0
froonze1,froonze1,,0,0,0,0,0,0,0,0
kirty_dwh,kirty_dwh,,0,0,0,0,0,0,0,0
realcandaceo,realcandaceo,,0,0,0,0,0,0,0,0
sw33t_mind,sw33t_mind,,0,0,0,0,0,1,0,1
ma_pennell,ma_pennell,,1,1,1,0,1,0,1,1
sammieg81020800,sammieg81020800,,0,0,0,0,0,0,0,0
banterm42404691,banterm42404691,,0,0,0,0,0,0,0,0
crusaiderpatri1,crusaiderpatri1,,0,0,0,0,0,0,0,0
advocatecal,advocatecal,,0,0,0,0,0,0,0,0
wbla2310,wbla2310,,0,0,0,0,0,0,0,0
sajeeves2,sajeeves2,,0,0,0,0,0,0,0,0
madfontes,madfontes,,0,0,0,0,0,0,0,0
helenmc46972890,helenmc46972890,,0,0,0,0,0,0,0,0
followerscarol,followerscarol,,0,0,0,0,0,0,0,0
spiritofbellamy,spiritofbellamy,,0,0,0,0,0,0,0,0
realhumptyb,realhumptyb,,1,1,1,0,7,0,2,2
victoriaarbiter,victoriaarbiter,,0,0,0,0,7,3,0,3
perlaperlz1,perlaperlz1,,0,0,0,0,0,0,0,0
chiaa96,chiaa96,,0,0,0,0,0,0,0,0
samuelkofficial,samuelkofficial,,0,0,0,0,0,0,0,0
carolyn01624551,carolyn01624551,,1,1,1,0,7,0,3,3
jess_simpson645,jess_simpson645,,0,0,0,0,0,0,0,0
bobmca1,bobmca1,,0,0,0,0,0,0,0,0
nean61170806,nean61170806,,0,0,0,0,0,0,0,0
mailplus,mailplus,,0,0,0,0,0,0,0,0
robinsky1600,robinsky1600,,0,0,0,0,0,0,0,0
traceywebsterr,traceywebsterr,,0,0,0,0,0,0,0,0
labourwhips,labourwhips,,0,0,0,0,0,0,0,0
clarksprecious,clarksprecious,,0,0,0,0,0,0,0,0
wivinembala,wivinembala,,0,0,0,0,0,0,0,0
steph_tarling,steph_tarling,,0,0,0,0,0,0,0,0
bernywilkinson,bernywilkinson,,0,0,0,0,0,0,0,0
mnaturallife,mnaturallife,,0,0,0,0,0,0,0,0
taylormayda,taylormayda,,0,0,0,0,0,0,0,0
graceandthanks,graceandthanks,,0,0,0,0,0,0,0,0
iamdavidbudd,iamdavidbudd,,0,0,0,0,0,0,0,0
48sezza,48sezza,,0,0,0,0,0,0,0,0
gopirai13,gopirai13,,0,0,0,0,0,0,0,0
tdsb,tdsb,,0,0,0,0,0,0,0,0
ajtehbest,ajtehbest,,0,0,0,0,0,0,0,0
carolynyoing,carolynyoing,,0,0,0,0,0,0,0,0
ritabwunicef,ritabwunicef,,0,0,0,0,0,0,0,0
lennybow,lennybow,,0,0,0,0,0,0,0,0
cleareddirect2,cleareddirect2,,0,0,0,0,0,0,0,0
politecity1,politecity1,,0,0,0,0,0,0,0,0
friendbearx,friendbearx,,0,0,0,0,0,0,0,0
kategreville,kategreville,,0,0,0,0,0,0,0,0
sophiaj81041659,sophiaj81041659,,0,0,0,0,0,0,0,0
annic420,annic420,,0,0,0,0,0,0,0,0
risingsussex,risingsussex,,0,0,0,0,0,0,0,0
juliuslumsden1,juliuslumsden1,,0,0,0,0,0,0,0,0
scottie_36,scottie_36,,0,0,0,0,0,0,0,0
lordhthegreath1,lordhthegreath1,,2,0.666667,0.75,0,3,0,3,3
tarla_lambert,tarla_lambert,,0,0,0,0,0,0,0,0
reynolds57,reynolds57,,0,0,0,0,0,0,0,0
yddraiggoch12,yddraiggoch12,,0,0,0,0,0,0,0,0
msabq323,msabq323,,0,0,0,0,0,0,0,0
bindiasibs,bindiasibs,,0,0,0,0,0,0,0,0
saglas297,saglas297,,0,0,0,0,0,2,0,2
julesdelavasico,julesdelavasico,,0,0,0,0,0,0,0,0
rupertamargate,rupertamargate,,0,0,0,0,9,2,0,2
cpooooooo,cpooooooo,,0,0,0,0,0,0,0,0
republic,republic,,0,0,0,0,0,0,0,0
ukroyaltea,ukroyaltea,,0,0,0,0,0,0,0,0
sparklemeghan,sparklemeghan,,0,0,0,0,0,0,0,0
gwfs21,gwfs21,,0,0,0,0,0,0,0,0
elliewhite75,elliewhite75,,0,0,0,0,0,0,0,0
marie62100602,marie62100602,,0,0,0,0,0,0,0,0
manjit89230332,manjit89230332,,0,0,0,0,0,0,0,0
gma,gma,,0,0,0,0,0,0,0,0
bkmalegamwala,bkmalegamwala,,0,0,0,0,0,0,0,0
misslexusgee,misslexusgee,,0,0,0,0,0,0,0,0
dbrown99944,dbrown99944,,0,0,0,0,0,0,0,0
breathwild2,breathwild2,,0,0,0,0,0,0,0,0
redpilledmommy,redpilledmommy,,0,0,0,0,0,0,0,0
cbg_photos,cbg_photos,,0,0,0,0,0,0,0,0
ground_app,ground_app,,0,0,0,0,0,0,0,0
lanyiadr,lanyiadr,,0,0,0,0,0,0,0,0
jodiannegriffin,jodiannegriffin,,0,0,0,0,0,0,0,0
ladycolincampb,ladycolincampb,,0,0,0,0,0,0,0,0
humptyd49831913,humptyd49831913,,0,0,0,0,0,0,0,0
soletiole2912,soletiole2912,,0,0,0,0,0,0,0,0
thehappyduo,thehappyduo,,0,0,0,0,0,0,0,0
diannep36111640,diannep36111640,,0,0,0,0,0,0,0,0
stuartmblatch,stuartmblatch,,0,0,0,0,0,0,0,0
noqualifydwomyn,noqualifydwomyn,,0,0,0,0,0,0,0,0
katiephang,katiephang,,0,0,0,0,0,0,0,0
imsobrexcited,imsobrexcited,,0,0,0,0,0,0,0,0
cassandrarules,cassandrarules,,0,0,0,0,0,0,0,0
niniane19,niniane19,,0,0,0,0,0,0,0,0
hopeuno,hopeuno,,0,0,0,0,0,0,0,0
gracielamphee,gracielamphee,,0,0,0,0,0,0,0,0
hhamaschiach,hhamaschiach,,2,0.666667,0.75,0,9,0,2,2
henrypersephone,henrypersephone,,3,0.571429,0.708333,2,15,1,2,3
icur_here2,icur_here2,,0,0,0,0,0,0,0,0
nehpazojarchieh,nehpazojarchieh,,1,1,1,6,15,1,3,4
theonionwalks,theonionwalks,,0,0,0,0,0,0,0,0
ellson_kim,ellson_kim,,0,0,0,0,0,0,0,0
spascoallima,spascoallima,,0,0,0,0,0,0,0,0
stephenpdawson,stephenpdawson,,0,0,0,0,0,0,0,0
cbsthismorning,cbsthismorning,,0,0,0,0,0,0,0,0
judylynnwhelan,judylynnwhelan,,0,0,0,0,0,0,0,0
truthwinning,truthwinning,,0,0,0,0,0,0,0,0
wilnottwilight,wilnottwilight,,2,0.666667,0.75,0,15,0,3,3
todiary,todiary,,1,1,1,0,16,0,2,2
sukiweeks,sukiweeks,,0,0,0,0,16,5,0,5
aaron8terry,aaron8terry,,0,0,0,0,0,0,0,0
bookedbusy,bookedbusy,,0,0,0,0,0,0,0,0
ivonvines,ivonvines,,0,0,0,0,0,0,0,0
calluna66,calluna66,,0,0,0,0,0,0,0,0
ctv,ctv,,0,0,0,0,0,0,0,0
11networkau,11networkau,,0,0,0,0,0,0,0,0
minithemoocher,minithemoocher,,0,0,0,0,0,0,0,0
mumbikaptere,mumbikaptere,,0,0,0,0,0,0,0,0
tcsummerfield,tcsummerfield,,0,0,0,0,0,0,0,0
arrestun1,arrestun1,,0,0,0,0,0,0,0,0
katyremington1,katyremington1,,0,0,0,0,0,0,0,0
ginamcgalliard,ginamcgalliard,,0,0,0,0,0,0,0,0
kathlovestennis,kathlovestennis,,0,0,0,0,0,0,0,0
edwina_b,edwina_b,,0,0,0,0,0,0,0,0
just_jo,just_jo,,0,0,0,0,0,0,0,0
kellymariebat,kellymariebat,,0,0,0,0,0,0,0,0
viceworldnews,viceworldnews,,0,0,0,0,0,0,0,0
babyblujay,babyblujay,,0,0,0,0,0,0,0,0
wolfrum,wolfrum,,0,0,0,0,0,0,0,0
bluenextwaves,bluenextwaves,,0,0,0,0,0,0,0,0
arge1983,arge1983,,0,0,0,0,0,0,0,0
sussexevent,sussexevent,,0,0,0,0,0,0,0,0
smileyval05,smileyval05,,0,0,0,0,0,0,0,0
dianedaisy1,dianedaisy1,,0,0,0,0,0,0,0,0
lanesborough77,lanesborough77,,0,0,0,0,0,0,0,0
iturd4,iturd4,,0,0,0,0,0,0,0,0
eily1978,eily1978,,0,0,0,0,0,0,0,0
awokenfbpe,awokenfbpe,,0,0,0,0,0,0,0,0
drayaugusta,drayaugusta,,0,0,0,0,0,0,0,0
aprilabrown1,aprilabrown1,,0,0,0,0,0,0,0,0
a_diener,a_diener,,0,0,0,0,0,0,0,0
jeremycorbyn,jeremycorbyn,,0,0,0,0,0,0,0,0
tillymooze,tillymooze,,0,0,0,0,0,0,0,0
martynccr,martynccr,,0,0,0,0,0,0,0,0
ned_donovan,ned_donovan,,0,0,0,0,0,0,0,0
ellemagazine,ellemagazine,,0,0,0,0,0,0,0,0
ajansev2011,ajansev2011,,0,0,0,0,0,0,0,0
yellowwhiteman,yellowwhiteman,,0,0,0,0,0,0,0,0
flashbloglive,flashbloglive,,0,0,0,0,0,0,0,0
1412kitkat,1412kitkat,,0,0,0,0,0,0,0,0
baggyann85,baggyann85,,0,0,0,0,0,0,0,0
jamiedezgray,jamiedezgray,,0,0,0,0,0,0,0,0
lunarosehd,lunarosehd,,0,0,0,0,0,0,0,0
thetimes,thetimes,,0,0,0,0,0,0,0,0
peteyr13,peteyr13,,0,0,0,0,0,0,0,0
voxpopu07251706,voxpopu07251706,,0,0,0,0,0,0,0,0
moray1959,moray1959,,0,0,0,0,0,0,0,0
goddessroc,goddessroc,,0,0,0,0,0,0,0,0
phyllisbrother1,phyllisbrother1,,2,0.666667,0.75,2,17,1,1,2
alygetreal,alygetreal,,0,0,0,0,0,0,0,0
backandbad,backandbad,,0,0,0,0,0,0,0,0
mk1955,mk1955,,0,0,0,0,0,0,0,0
guardiannews,guardiannews,,0,0,0,0,0,0,0,0
kinaalli,kinaalli,,0,0,0,0,0,0,0,0
success4sussexs,success4sussexs,,0,0,0,0,0,0,0,0
pheonixatdusk,pheonixatdusk,,0,0,0,0,0,0,0,0
5dragons,5dragons,,0,0,0,0,0,0,0,0
beppatweets,beppatweets,,0,0,0,0,0,0,0,0
bettyja08291909,bettyja08291909,,0,0,0,0,0,0,0,0
ianamarks16,ianamarks16,,0,0,0,0,0,0,0,0
sandrameier7,sandrameier7,,0,0,0,0,0,0,0,0
garyshutts,garyshutts,,0,0,0,0,0,0,0,0
allison05425117,allison05425117,,0,0,0,0,0,0,0,0
lyndoa,lyndoa,,0,0,0,0,0,0,0,0
mattdoble89,mattdoble89,,0,0,0,0,0,0,0,0
doraexplorah,doraexplorah,,0,0,0,0,0,0,0,0
lovethegooners,lovethegooners,,0,0,0,0,0,0,0,0
bloke_on_a_bike,bloke_on_a_bike,,0,0,0,0,0,0,0,0
allen_bronia,allen_bronia,,0,0,0,0,0,0,0,0
kimyaries,kimyaries,,0,0,0,0,0,0,0,0
secheryk,secheryk,,0,0,0,0,0,0,0,0
martynisthebest,martynisthebest,,0,0,0,0,0,0,0,0
lizlee95356044,lizlee95356044,,0,0,0,0,0,0,0,0
robinsamuels525,robinsamuels525,,0,0,0,0,0,0,0,0
talespan,talespan,,0,0,0,0,0,0,0,0
miasertima,miasertima,,0,0,0,0,0,0,0,0
brownc555,brownc555,,0,0,0,0,0,0,0,0
hello_to_thou,hello_to_thou,,0,0,0,0,0,0,0,0
mirrorroyal,mirrorroyal,,0,0,0,0,7,2,0,2
zebrajacket,zebrajacket,,0,0,0,0,0,0,0,0
jevevoudire,jevevoudire,,0,0,0,0,0,0,0,0
rtlinfo,rtlinfo,,0,0,0,0,0,0,0,0
lbc,lbc,,0,0,0,0,0,0,0,0
malcolmsh,malcolmsh,,0,0,0,0,0,0,0,0
blahblahblah_7,blahblahblah_7,,0,0,0,0,0,0,0,0
eccomiquaamici,eccomiquaamici,,0,0,0,0,0,0,0,0
suisseflughafen,suisseflughafen,,0,0,0,0,0,0,0,0
calvinrobinson,calvinrobinson,,0,0,0,0,0,0,0,0
misszimunya1,misszimunya1,,0,0,0,0,0,0,0,0
catherine_mayer,catherine_mayer,,0,0,0,0,0,0,0,0
katewilliamsme,katewilliamsme,,0,0,0,0,17,3,0,3
fanofprincephil,fanofprincephil,,0,0,0,0,0,0,0,0
russincheshire,russincheshire,,0,0,0,0,0,0,0,0
garlicfred,garlicfred,,0,0,0,0,0,0,0,0
fashionandfaith,fashionandfaith,,0,0,0,0,0,0,0,0
forbes,forbes,,0,0,0,0,0,0,0,0
drydenweb,drydenweb,,0,0,0,0,0,0,0,0
shimlahp007,shimlahp007,,0,0,0,0,0,0,0,0
viewfromitaly,viewfromitaly,,0,0,0,0,0,0,0,0
mrharrycole,mrharrycole,,0,0,0,0,0,0,0,0
kanuti70653537,kanuti70653537,,0,0,0,0,0,0,0,0
jobeta4,jobeta4,,0,0,0,0,0,0,0,0
aya23821448,aya23821448,,0,0,0,0,0,0,0,0
snigskitchen,snigskitchen,,0,0,0,0,0,0,0,0
tatsujinuk,tatsujinuk,,0,0,0,0,0,0,0,0
summer62boomer,summer62boomer,,0,0,0,0,0,0,0,0
avavaughn,avavaughn,,0,0,0,0,0,0,0,0
byetwit,byetwit,,0,0,0,0,0,0,0,0
swanage123,swanage123,,0,0,0,0,0,0,0,0
plverratti,plverratti,,0,0,0,0,0,0,0,0
dcwatch20,dcwatch20,,0,0,0,0,0,0,0,0
sussexsquadp,sussexsquadp,,0,0,0,0,0,0,0,0
74finewine,74finewine,,0,0,0,0,0,0,0,0
agathawhisker,agathawhisker,,0,0,0,0,0,0,0,0
julesnewaddy,julesnewaddy,,0,0,0,0,0,0,0,0
legalydarvey,legalydarvey,,0,0,0,0,0,0,0,0
recruitsrhuman2,recruitsrhuman2,,0,0,0,0,0,0,0,0
matiamouwn,matiamouwn,,0,0,0,0,0,0,0,0
ap,ap,,0,0,0,0,0,0,0,0
meghansmole,meghansmole,,0,0,0,0,0,0,0,0
dgreenemachine,dgreenemachine,,0,0,0,0,0,0,0,0
schaekay1,schaekay1,,0,0,0,0,0,0,0,0
badkarma4liars,badkarma4liars,,0,0,0,0,0,0,0,0
badmom46773791,badmom46773791,,0,0,0,0,0,0,0,0
grundytv,grundytv,,0,0,0,0,0,0,0,0
buju_bandit,buju_bandit,,0,0,0,0,0,0,0,0
hirst_gail,hirst_gail,,0,0,0,0,0,0,0,0
7trg6,7trg6,,0,0,0,0,0,0,0,0
ctvnews,ctvnews,,0,0,0,0,0,0,0,0
havendalegirl,havendalegirl,,0,0,0,0,0,0,0,0
thequeenmeghanm,thequeenmeghanm,,0,0,0,0,0,0,0,0
pigsty96452169,pigsty96452169,,2,0.8,0.875,0,9,0,3,3
mirrortv,mirrortv,,0,0,0,0,0,0,0,0
satellitegrid,satellitegrid,,0,0,0,0,0,0,0,0
ravenofdespair,ravenofdespair,,0,0,0,0,0,0,0,0
mirrorceleb,mirrorceleb,,0,0,0,0,0,0,0,0
beatrice356,beatrice356,,0,0,0,0,0,0,0,0
maxjlhardy,maxjlhardy,,0,0,0,0,0,0,0,0
sichovin,sichovin,,0,0,0,0,0,0,0,0
moresome72,moresome72,,0,0,0,0,0,0,0,0
queenofuk11,queenofuk11,,0,0,0,0,0,0,0,0
defencehq,defencehq,,0,0,0,0,0,0,0,0
2lim_n3ddy,2lim_n3ddy,,0,0,0,0,0,0,0,0
sherylunderwood,sherylunderwood,,0,0,0,0,0,0,0,0
meghansmeyhive,meghansmeyhive,,0,0,0,0,0,0,0,0
republicstaff,republicstaff,,0,0,0,0,0,0,0,0
donlemon,donlemon,,0,0,0,0,0,0,0,0
onlysussexes,onlysussexes,,0,0,0,0,0,0,0,0
dazzlegal,dazzlegal,,0,0,0,0,0,0,0,0
irfanlive,irfanlive,,0,0,0,0,0,0,0,0
jasonrego4,jasonrego4,,0,0,0,0,0,0,0,0
larrydisgusted,larrydisgusted,,0,0,0,0,0,0,0,0
toadmeister,toadmeister,,0,0,0,0,0,0,0,0
bceyre22,bceyre22,,0,0,0,0,0,0,0,0
femi_sorry,femi_sorry,,0,0,0,0,0,0,0,0
oprahdaily,oprahdaily,,0,0,0,0,0,0,0,0
righteousness71,righteousness71,,1,1,1,0,3,0,1,1
africadeclassi1,africadeclassi1,,0,0,0,0,0,0,0,0
ladybossangie77,ladybossangie77,,0,0,0,0,0,0,0,0
slynnen,slynnen,,0,0,0,0,0,0,0,0
foxnews,foxnews,,0,0,0,0,0,0,0,0
tabooyou2,tabooyou2,,1,1,1,3.5,1,1,1,2
gail_winters,gail_winters,,0,0,0,0,0,0,0,0
friendotpod,friendotpod,,0,0,0,0,0,0,0,0
halfcupofcoffee,halfcupofcoffee,,0,0,0,0,0,0,0,0
twig9876,twig9876,,0,0,0,0,0,0,0,0
marghan8,marghan8,,0,0,0,0,0,0,0,0
twit_generic,twit_generic,,0,0,0,0,0,0,0,0
chynkwo,chynkwo,,0,0,0,0,0,0,0,0
olaf1962,olaf1962,,0,0,0,0,0,0,0,0
indictpotus45,indictpotus45,,0,0,0,0,0,0,0,0
nobbspaddy,nobbspaddy,,0,0,0,0,0,0,0,0
krtn_will,krtn_will,,0,0,0,0,0,0,0,0
nickistern,nickistern,,0,0,0,0,0,0,0,0
bellissimaroyal,bellissimaroyal,,0,0,0,0,0,0,0,0
zoobomax,zoobomax,,0,0,0,0,0,0,0,0
abcnews,abcnews,,0,0,0,0,0,0,0,0
luluinthefl,luluinthefl,,0,0,0,0,0,0,0,0
mrstevenallen,mrstevenallen,,0,0,0,0,0,0,0,0
comicssolvprobs,comicssolvprobs,,0,0,0,0,0,0,0,0
cambridgegarden,cambridgegarden,,0,0,0,0,0,0,0,0
loveforcambridg,loveforcambridg,,0,0,0,0,0,0,0,0
bpositive33,bpositive33,,0,0,0,0,0,0,0,0
willx023,willx023,,0,0,0,0,0,0,0,0
marisolcassis1,marisolcassis1,,0,0,0,0,0,0,0,0
bubbakate,bubbakate,,0,0,0,0,0,0,0,0
its_likethis,its_likethis,,0,0,0,0,0,0,0,0
cafemom,cafemom,,0,0,0,0,0,0,0,0
rujutaashah,rujutaashah,,0,0,0,0,0,0,0,0
dittybagzbaby,dittybagzbaby,,0,0,0,0,0,0,0,0
nationalpost,nationalpost,,0,0,0,0,0,0,0,0
teamsussex,teamsussex,,0,0,0,0,0,0,0,0
twitt3rr4nt,twitt3rr4nt,,0,0,0,0,0,0,0,0
grneyedgirlie,grneyedgirlie,,0,0,0,0,0,0,0,0
kittywi26648603,kittywi26648603,,0,0,0,0,0,0,0,0
blakewayjoanne,blakewayjoanne,,0,0,0,0,0,0,0,0
680news,680news,,0,0,0,0,0,0,0,0
vacuousness,vacuousness,,0,0,0,0,0,0,0,0
marcuskelson,marcuskelson,,0,0,0,0,0,0,0,0
alcala_ligia,alcala_ligia,,0,0,0,0,0,0,0,0
noticierovv,noticierovv,,0,0,0,0,0,0,0,0
mariabr44021683,mariabr44021683,,0,0,0,0,0,0,0,0
hopehun01848341,hopehun01848341,,0,0,0,0,0,0,0,0
alineinti,alineinti,,0,0,0,0,0,0,0,0
writershealth,writershealth,,0,0,0,0,0,0,0,0
garytrowsdale,garytrowsdale,,0,0,0,0,0,0,0,0
fellowmarkw,fellowmarkw,,0,0,0,0,0,0,0,0
cpnstarkiller,cpnstarkiller,,0,0,0,0,0,0,0,0
samanthajheath1,samanthajheath1,,0,0,0,0,0,0,0,0
lillyputin,lillyputin,,0,0,0,0,0,0,0,0
liloo19650780,liloo19650780,,0,0,0,0,0,0,0,0
manfrmyorkshire,manfrmyorkshire,,0,0,0,0,0,0,0,0
dumielauxepices,dumielauxepices,,0,0,0,0,0,0,0,0
parsleylelion,parsleylelion,,0,0,0,0,0,0,0,0
nursediane2020,nursediane2020,,0,0,0,0,0,0,0,0
marielouiselu,marielouiselu,,0,0,0,0,0,0,0,0
conray36,conray36,,0,0,0,0,0,0,0,0
kapadiashipra,kapadiashipra,,0,0,0,0,0,0,0,0
dibber_roy,dibber_roy,,0,0,0,0,0,0,0,0
logical1966,logical1966,,0,0,0,0,0,0,0,0
dailystar,dailystar,,0,0,0,0,7,3,0,3
janetwinslow11,janetwinslow11,,0,0,0,0,0,0,0,0
wtxnews,wtxnews,,0,0,0,0,0,0,0,0
voicepoverty,voicepoverty,,0,0,0,0,0,0,0,0
smifffyd,smifffyd,,0,0,0,0,0,0,0,0
28naughty,28naughty,,0,0,0,0,0,0,0,0
franzprusse,franzprusse,,0,0,0,0,0,0,0,0
nniesham,nniesham,,0,0,0,0,0,0,0,0
woldslinx,woldslinx,,0,0,0,0,0,0,0,0
archhazmeg,archhazmeg,,0,0,0,0,0,0,0,0
nicolathorp_,nicolathorp_,,0,0,0,0,0,0,0,0
bovaryscomplnt,bovaryscomplnt,,0,0,0,0,0,0,0,0
mathilda_xyz,mathilda_xyz,,0,0,0,0,0,0,0,0
lynnluse,lynnluse,,0,0,0,0,0,0,0,0
sifill_ldf,sifill_ldf,,0,0,0,0,0,0,0,0
michael74419596,michael74419596,,0,0,0,0,0,0,0,0
ch_2014,ch_2014,,0,0,0,0,0,0,0,0
undercoverwell,undercoverwell,,0,0,0,0,0,0,0,0
banglaviral,banglaviral,,0,0,0,0,0,0,0,0
news24,news24,,0,0,0,0,0,0,0,0
amorhannah98,amorhannah98,,0,0,0,0,0,0,0,0
stainerjulie,stainerjulie,,0,0,0,0,0,0,0,0
englishcoastuk,englishcoastuk,,0,0,0,0,0,0,0,0
lizziecassidy3,lizziecassidy3,,0,0,0,0,0,0,0,0
_maximus2008,_maximus2008,,0,0,0,0,0,0,0,0
elhamiid,elhamiid,,0,0,0,0,0,0,0,0
markles40912517,markles40912517,,0,0,0,0,0,0,0,0
bearjr57,bearjr57,,0,0,0,0,0,0,0,0
baronessbruck,baronessbruck,,0,0,0,0,0,0,0,0
perry_t,perry_t,,2,0.52,0.538462,23.5,13,1,1,2
adamskeeeee,adamskeeeee,,0,0,0,0,0,0,0,0
sandy_bart,sandy_bart,,0,0,0,0,0,0,0,0
kaz70949137,kaz70949137,,0,0,0,0,0,0,0,0
linda19392982,linda19392982,,0,0,0,0,0,0,0,0
sussexvc,sussexvc,,0,0,0,0,0,0,0,0
corma2stewart,corma2stewart,,0,0,0,0,0,0,0,0
muhammadmokaev,muhammadmokaev,,0,0,0,0,0,0,0,0
chelsienussey,chelsienussey,,0,0,0,0,0,0,0,0
esa_celebnews,esa_celebnews,,0,0,0,0,0,0,0,0
marieclairejr,marieclairejr,,0,0,0,0,0,0,0,0
niamatrafiqi,niamatrafiqi,,0,0,0,0,0,0,0,0
dinewithdani,dinewithdani,,0,0,0,0,0,0,0,0
samreed5000,samreed5000,,0,0,0,0,0,0,0,0
ntsikasaunty,ntsikasaunty,,0,0,0,0,0,0,0,0
garth7garth,garth7garth,,0,0,0,0,0,0,0,0
rogerferriz,rogerferriz,,0,0,0,0,0,0,0,0
inthecutzine,inthecutzine,,0,0,0,0,0,0,0,0
beewilde2,beewilde2,,1,1,1,0,1,0,2,2
juttermanning,juttermanning,,0,0,0,0,0,0,0,0
uk_domain_names,uk_domain_names,,0,0,0,0,0,0,0,0
moi998877,moi998877,,0,0,0,0,0,0,0,0
janpric81432709,janpric81432709,,0,0,0,0,0,0,0,0
nahidalaei,nahidalaei,,0,0,0,0,0,0,0,0
marycra60237311,marycra60237311,,0,0,0,0,0,0,0,0
podsave,podsave,,0,0,0,0,0,0,0,0
al_talks,al_talks,,2,0.6,0.666667,0,16,0,2,2
prince_scarf,prince_scarf,,0,0,0,0,0,0,0,0
meafter4,meafter4,,0,0,0,0,0,0,0,0
sytweetgirl,sytweetgirl,,0,0,0,0,0,0,0,0
dulaneykimberly,dulaneykimberly,,0,0,0,0,0,0,0,0
embo_31,embo_31,,0,0,0,0,0,0,0,0
wns_benkerin,wns_benkerin,,0,0,0,0,0,0,0,0
catman94313928,catman94313928,,0,0,0,0,0,0,0,0
thedamagereport,thedamagereport,,0,0,0,0,0,0,0,0
pierrettey,pierrettey,,0,0,0,0,0,0,0,0
ejeancarroll,ejeancarroll,,0,0,0,0,0,0,0,0
khiva1,khiva1,,0,0,0,0,0,0,0,0
frvonk,frvonk,,0,0,0,0,0,0,0,0
sholamos1,sholamos1,,0,0,0,0,0,0,0,0
girltema,girltema,,0,0,0,0,0,0,0,0
hlibraryoflife,hlibraryoflife,,0,0,0,0,0,0,0,0
cbs,cbs,,0,0,0,0,0,0,0,0
theperezhilton,theperezhilton,,0,0,0,0,0,0,0,0
ukinusa,ukinusa,,0,0,0,0,0,0,0,0
wheelsofthesyst,wheelsofthesyst,,0,0,0,0,0,0,0,0
duchessmeg2,duchessmeg2,,0,0,0,0,0,0,0,0
anarchyforall1,anarchyforall1,,0,0,0,0,0,0,0,0
brittanygadoury,brittanygadoury,,0,0,0,0,0,0,0,0
kgfcoffeegirl,kgfcoffeegirl,,0,0,0,0,0,0,0,0
halfadams,halfadams,,0,0,0,0,0,0,0,0
micahxxl,micahxxl,,0,0,0,0,0,0,0,0
theview,theview,,0,0,0,0,0,0,0,0
peopleafteru,peopleafteru,,0,0,0,0,0,0,0,0
anna72279454,anna72279454,,0,0,0,0,0,0,0,0
honestgirl76,honestgirl76,,0,0,0,0,0,0,0,0
abtr2017,abtr2017,,0,0,0,0,0,0,0,0
lolsysl,lolsysl,,0,0,0,0,0,0,0,0
alo1616,alo1616,,0,0,0,0,0,0,0,0
cantmakethizup,cantmakethizup,,0,0,0,0,18,0,0,0
jan_sarson,jan_sarson,,0,0,0,0,0,0,0,0
liya44303652,liya44303652,,0,0,0,0,0,0,0,0
regina_nestor,regina_nestor,,0,0,0,0,0,0,0,0
consciouscrus8,consciouscrus8,,0,0,0,0,0,0,0,0
billmaher,billmaher,,0,0,0,0,0,0,0,0
richydee,richydee,,0,0,0,0,0,0,0,0
7eights2nine10,7eights2nine10,,0,0,0,0,0,0,0,0
ot_ford,ot_ford,,0,0,0,0,0,0,0,0
borisjohnson,borisjohnson,,0,0,0,0,0,0,0,0
blanchi07,blanchi07,,0,0,0,0,0,0,0,0
chiedbry,chiedbry,,0,0,0,0,0,0,0,0
amandajplatell,amandajplatell,,0,0,0,0,0,0,0,0
galgeelong,galgeelong,,0,0,0,0,0,0,0,0
jococo20,jococo20,,0,0,0,0,0,0,0,0
toucheadrian,toucheadrian,,0,0,0,0,0,0,0,0
samanth26469668,samanth26469668,,0,0,0,0,0,0,0,0
greenevy,greenevy,,0,0,0,0,0,0,0,0
meghanmarkle81,meghanmarkle81,,0,0,0,0,0,0,0,0
backqe,backqe,,0,0,0,0,0,0,0,0
markhumphries,markhumphries,,0,0,0,0,0,0,0,0
stixnstones6,stixnstones6,,0,0,0,0,0,0,0,0
gavinwilliamson,gavinwilliamson,,0,0,0,0,0,0,0,0
sweetpotato12,sweetpotato12,,0,0,0,0,0,0,0,0
lostcuriously,lostcuriously,,0,0,0,0,0,0,0,0
dirtyempath,dirtyempath,,0,0,0,0,0,0,0,0
blondarrow,blondarrow,,0,0,0,0,0,0,0,0
markwil95839368,markwil95839368,,0,0,0,0,0,0,0,0
shoba_rao,shoba_rao,,0,0,0,0,0,0,0,0
mashua,mashua,,0,0,0,0,0,0,0,0
mommasaysobama,mommasaysobama,,0,0,0,0,0,0,0,0
tategurutv,tategurutv,,0,0,0,0,0,0,0,0
rangamberi,rangamberi,,0,0,0,0,0,0,0,0
katesussexrgp,katesussexrgp,,0,0,0,0,0,0,0,0
joewfoley,joewfoley,,0,0,0,0,0,0,0,0
chickjewish,chickjewish,,0,0,0,0,0,0,0,0
pariszozo,pariszozo,,0,0,0,0,0,0,0,0
simchamodupe,simchamodupe,,0,0,0,0,0,0,0,0
bunmiezoeradioo,bunmiezoeradioo,,0,0,0,0,0,0,0,0
oadelano1,oadelano1,,0,0,0,0,0,0,0,0
zevryn1,zevryn1,,0,0,0,0,0,0,0,0
taylorswift13,taylorswift13,,0,0,0,0,0,0,0,0
gui_btn,gui_btn,,0,0,0,0,0,0,0,0
tf1,tf1,,0,0,0,0,0,0,0,0
jg35580758,jg35580758,,0,0,0,0,0,0,0,0
dolandeclares,dolandeclares,,0,0,0,0,0,0,0,0
govsherazkhan,govsherazkhan,,0,0,0,0,0,0,0,0
walkingmuch,walkingmuch,,0,0,0,0,0,0,0,0
officialrobbier,officialrobbier,,0,0,0,0,0,0,0,0
dee09371086,dee09371086,,0,0,0,0,0,0,0,0
melody22m,melody22m,,0,0,0,0,0,0,0,0
traylorholmes,traylorholmes,,0,0,0,0,0,0,0,0
jasebyjason,jasebyjason,,0,0,0,0,0,0,0,0
famevixen,famevixen,,0,0,0,0,0,0,0,0
nuttshunny,nuttshunny,,0,0,0,0,0,0,0,0
namshushu1,namshushu1,,0,0,0,0,0,0,0,0
unitedbabestv,unitedbabestv,,0,0,0,0,0,0,0,0
ma_dlamini_,ma_dlamini_,,0,0,0,0,0,0,0,0
generalmeow61,generalmeow61,,0,0,0,0,0,0,0,0
panderoona,panderoona,,0,0,0,0,0,0,0,0
prettykitty_,prettykitty_,,0,0,0,0,0,0,0,0
podcastsnews,podcastsnews,,0,0,0,0,0,0,0,0
jackma,jackma,,0,0,0,0,0,0,0,0
medicgist,medicgist,,0,0,0,0,0,0,0,0
mreteachs,mreteachs,,0,0,0,0,0,0,0,0
reignkin,reignkin,,0,0,0,0,0,0,0,0
canadian_mom73,canadian_mom73,,0,0,0,0,0,0,0,0
royalfamilyitnp,royalfamilyitnp,,0,0,0,0,0,0,0,0
ridiculouspoppy,ridiculouspoppy,,0,0,0,0,0,0,0,0
missskitttin,missskitttin,,0,0,0,0,0,0,0,0
cmhconsulting,cmhconsulting,,0,0,0,0,0,0,0,0
nytimes,nytimes,,0,0,0,0,0,0,0,0
jerryfalwelljrp,jerryfalwelljrp,,0,0,0,0,0,0,0,0
thr,thr,,0,0,0,0,0,0,0,0
b0redj0rd,b0redj0rd,,0,0,0,0,0,0,0,0
daenerys1417,daenerys1417,,0,0,0,0,0,0,0,0
tartannancy,tartannancy,,0,0,0,0,0,0,0,0
tickdurpin,tickdurpin,,0,0,0,0,0,0,0,0
etnow,etnow,,0,0,0,0,0,0,0,0
ulieroyers,ulieroyers,,0,0,0,0,0,0,0,0
sophie_everine,sophie_everine,,0,0,0,0,0,0,0,0
ivegottabeef,ivegottabeef,,0,0,0,0,0,0,0,0
joycesm02125704,joycesm02125704,,0,0,0,0,0,0,0,0
cosmiccassiemc,cosmiccassiemc,,0,0,0,0,0,0,0,0
ittisisara,ittisisara,,0,0,0,0,0,0,0,0
xoxoleigh1,xoxoleigh1,,0,0,0,0,0,0,0,0
gingerfelix,gingerfelix,,0,0,0,0,0,0,0,0
archewellbaby,archewellbaby,,0,0,0,0,0,0,0,0
henryscousin,henryscousin,,0,0,0,0,0,0,0,0
myecloset,myecloset,,0,0,0,0,0,0,0,0
todaynewsafrica,todaynewsafrica,,0,0,0,0,0,0,0,0
yarathatchic,yarathatchic,,0,0,0,0,0,0,0,0
radar_online,radar_online,,0,0,0,0,0,0,0,0
nationofjason,nationofjason,,0,0,0,0,0,0,0,0
juarezciudadano,juarezciudadano,,0,0,0,0,0,0,0,0
revista_clase,revista_clase,,0,0,0,0,0,0,0,0
keshav2436,keshav2436,,0,0,0,0,0,0,0,0
marthamaccallum,marthamaccallum,,0,0,0,0,0,0,0,0
jimfitzpatrick,jimfitzpatrick,,0,0,0,0,0,0,0,0
sussexprincess,sussexprincess,,0,0,0,0,0,0,0,0
everydayameric7,everydayameric7,,5,0.295918,0.36954,51,9,1,3,4
carmengranddau1,carmengranddau1,,0,0,0,0,0,0,0,0
ajusting9,ajusting9,,0,0,0,0,0,0,0,0
vbspurs,vbspurs,,0,0,0,0,0,0,0,0
reuters,reuters,,0,0,0,0,0,0,0,0
chris_manno,chris_manno,,0,0,0,0,0,0,0,0
galafr,galafr,,0,0,0,0,0,0,0,0
cornwallnicki,cornwallnicki,,0,0,0,0,0,0,0,0
holdmyhalo,holdmyhalo,,0,0,0,0,0,0,0,0
surprisedwhy,surprisedwhy,,0,0,0,0,0,0,0,0
canadanews_b,canadanews_b,,0,0,0,0,0,0,0,0
captainteag,captainteag,,0,0,0,0,0,0,0,0
tryptich1,tryptich1,,0,0,0,0,0,0,0,0
kellythe1st,kellythe1st,,0,0,0,0,0,0,0,0
peepme_this,peepme_this,,0,0,0,0,0,0,0,0
bernie75019,bernie75019,,0,0,0,0,0,0,0,0
thomassotto,thomassotto,,0,0,0,0,0,0,0,0
fran_neena20409,fran_neena20409,,0,0,0,0,0,0,0,0
mdnij34,mdnij34,,0,0,0,0,0,0,0,0
katesrangers,katesrangers,,0,0,0,0,0,0,0,0
suesued,suesued,,0,0,0,0,0,0,0,0
goodbuddykirk,goodbuddykirk,,0,0,0,0,0,0,0,0
snugglebutty63,snugglebutty63,,0,0,0,0,0,0,0,0
strongwrite,strongwrite,,0,0,0,0,0,0,0,0
beyondmoutains,beyondmoutains,,0,0,0,0,0,0,0,0
icunoitall,icunoitall,,0,0,0,0,0,0,0,0
safronprice,safronprice,,0,0,0,0,0,0,0,0
k_korvus,k_korvus,,0,0,0,0,0,0,0,0
sussex__archive,sussex__archive,,0,0,0,0,0,0,0,0
shawntenorth,shawntenorth,,5,0.313131,0.359677,0,9,0,2,2
waynedupreeshow,waynedupreeshow,,0,0,0,0,0,0,0,0
sallylongarm,sallylongarm,,0,0,0,0,0,0,0,0
kaiseratcb,kaiseratcb,,0,0,0,0,0,0,0,0
neelamcrosscom,neelamcrosscom,,0,0,0,0,0,0,0,0
regina42530670,regina42530670,,0,0,0,0,0,0,0,0
charbrown20,charbrown20,,7,0.202128,0.234524,38,3,1,1,2
tennisfanv3,tennisfanv3,,0,0,0,0,0,0,0,0
donald26631410,donald26631410,,0,0,0,0,0,0,0,0
siggystardust80,siggystardust80,,0,0,0,0,0,0,0,0
soapsyandsudsy,soapsyandsudsy,,0,0,0,0,0,0,0,0
winterfell_home,winterfell_home,,0,0,0,0,0,0,0,0
iamnoyes,iamnoyes,,0,0,0,0,0,0,0,0
kzyouknow,kzyouknow,,0,0,0,0,0,0,0,0
_15597_,_15597_,,0,0,0,0,0,0,0,0
suzanne77560800,suzanne77560800,,0,0,0,0,0,0,0,0
beigemaxi,beigemaxi,,8,0.178261,0.229878,0,3,0,2,2
amusawale,amusawale,,0,0,0,0,0,0,0,0
alexeiromanov13,alexeiromanov13,,0,0,0,0,0,0,0,0
dionysuslilipu1,dionysuslilipu1,,0,0,0,0,0,0,0,0
sjpandey123,sjpandey123,,0,0,0,0,0,0,0,0
the_hip_review,the_hip_review,,0,0,0,0,0,0,0,0
h24news_celebs,h24news_celebs,,0,0,0,0,0,0,0,0
sam_northampton,sam_northampton,,0,0,0,0,0,0,0,0
anthony41806183,anthony41806183,,0,0,0,0,0,0,0,0
pinkydonaldson,pinkydonaldson,,0,0,0,0,0,0,0,0
cheekyblinder11,cheekyblinder11,,0,0,0,0,0,0,0,0
beserioususa,beserioususa,,0,0,0,0,0,0,0,0
comms24_c24,comms24_c24,,0,0,0,0,0,0,0,0
catturd2,catturd2,,0,0,0,0,0,0,0,0
juliahb1,juliahb1,,0,0,0,0,0,0,0,0
sivadierjulie,sivadierjulie,,0,0,0,0,0,0,0,0
zeze_bee,zeze_bee,,0,0,0,0,0,0,0,0
willow__bella,willow__bella,,0,0,0,0,0,0,0,0
ann90335924,ann90335924,,1,1,1,0,17,0,3,3
harpersbazaarus,harpersbazaarus,,0,0,0,0,17,4,0,4
shethepeoplene1,shethepeoplene1,,0,0,0,0,0,0,0,0
francesilo,francesilo,,0,0,0,0,0,0,0,0
nanetteisa,nanetteisa,,0,0,0,0,0,0,0,0
carcoo1,carcoo1,,0,0,0,0,0,0,0,0
everydayrobsten,everydayrobsten,,0,0,0,0,0,0,0,0
aragonanit,aragonanit,,0,0,0,0,0,0,0,0
darrenboyb,darrenboyb,,2,0.666667,0.75,0,9,0,1,1
zandi68859553,zandi68859553,,0,0,0,0,0,0,0,0
starlightshine7,starlightshine7,,0,0,0,0,0,0,0,0
shush421,shush421,,0,0,0,0,0,0,0,0
rhenrhenna,rhenrhenna,,0,0,0,0,0,0,0,0
briteye2000,briteye2000,,0,0,0,0,0,0,0,0
glinch2_mc,glinch2_mc,,0,0,0,0,0,0,0,0
lynnpur81932090,lynnpur81932090,,0,0,0,0,0,0,0,0
romy_isback,romy_isback,,0,0,0,0,0,0,0,0
kathybryson,kathybryson,,0,0,0,0,0,0,0,0
louiswalshxfact,louiswalshxfact,,0,0,0,0,0,0,0,0
sunitathind,sunitathind,,0,0,0,0,0,0,0,0
windyrising,windyrising,,0,0,0,0,0,0,0,0
smjb31,smjb31,,0,0,0,0,0,0,0,0
mrssosbourne,mrssosbourne,,0,0,0,0,0,0,0,0
shaforama,shaforama,,0,0,0,0,0,0,0,0
thehill,thehill,,0,0,0,0,0,0,0,0
simoncambridge,simoncambridge,,0,0,0,0,0,0,0,0
parksimoff,parksimoff,,0,0,0,0,0,0,0,0
gayletapscott,gayletapscott,,0,0,0,0,0,0,0,0
golub_harvey,golub_harvey,,0,0,0,0,0,0,0,0
discoverygraham,discoverygraham,,0,0,0,0,0,0,0,0
picverthaineux,picverthaineux,,0,0,0,0,0,0,0,0
tracymaughan8,tracymaughan8,,0,0,0,0,0,0,0,0
meghanmarkleorg,meghanmarkleorg,,0,0,0,0,0,0,0,0
mattp867,mattp867,,0,0,0,0,0,0,0,0
iluvspringtime,iluvspringtime,,0,0,0,0,0,0,0,0
petemorristwit,petemorristwit,,0,0,0,0,1,4,0,4
twittersupport,twittersupport,,0,0,0,0,0,0,0,0
traceybrownlive,traceybrownlive,,0,0,0,0,0,0,0,0
britishbrownrf,britishbrownrf,,0,0,0,0,0,0,0,0
youreallmad,youreallmad,,0,0,0,0,0,0,0,0
buggie1225,buggie1225,,0,0,0,0,0,0,0,0
charlichaddy,charlichaddy,,0,0,0,0,0,0,0,0
akansan63,akansan63,,0,0,0,0,0,0,0,0
wb1967borders,wb1967borders,,1,1,1,0,1,0,2,2
aboutdre3,aboutdre3,,0,0,0,0,0,0,0,0
maralargearse,maralargearse,,0,0,0,0,0,0,0,0
crustilye,crustilye,,0,0,0,0,0,0,0,0
princes11277865,princes11277865,,0,0,0,0,0,0,0,0
maggiemobrules,maggiemobrules,,0,0,0,0,0,0,0,0
nightbird1024,nightbird1024,,0,0,0,0,0,0,0,0
melissasavenko,melissasavenko,,0,0,0,0,0,0,0,0
canglitz,canglitz,,0,0,0,0,0,0,0,0
lisa_wilkinson,lisa_wilkinson,,0,0,0,0,0,0,0,0
pornemichaels,pornemichaels,,0,0,0,0,0,0,0,0
ozzyhell,ozzyhell,,0,0,0,0,0,0,0,0
etpanache,etpanache,,0,0,0,0,0,0,0,0
vittart75,vittart75,,0,0,0,0,0,0,0,0
nepalnewseng,nepalnewseng,,0,0,0,0,0,0,0,0
maamasboy,maamasboy,,0,0,0,0,0,0,0,0
voguemagazine,voguemagazine,,0,0,0,0,0,0,0,0
ladyblue1337,ladyblue1337,,0,0,0,0,0,0,0,0
occitanie0411,occitanie0411,,0,0,0,0,0,0,0,0
colette93858190,colette93858190,,0,0,0,0,0,0,0,0
marklebots,marklebots,,2,0.666667,0.75,0,13,0,2,2
garyrumbell,garyrumbell,,0,0,0,0,0,0,0,0
_selbyzuma,_selbyzuma,,0,0,0,0,0,0,0,0
thestatewatcher,thestatewatcher,,0,0,0,0,0,0,0,0
flaj913,flaj913,,0,0,0,0,0,0,0,0
loveforsussexs,loveforsussexs,,0,0,0,0,0,0,0,0
westminsterwag,westminsterwag,,0,0,0,0,0,0,0,0
gwenjbrewer,gwenjbrewer,,0,0,0,0,0,0,0,0
veritykalcev,veritykalcev,,0,0,0,0,0,0,0,0
thejanharvey,thejanharvey,,0,0,0,0,0,0,0,0
fronthold,fronthold,,0,0,0,0,0,0,0,0
photomikeyhere,photomikeyhere,,0,0,0,0,0,0,0,0
ianwoodley6,ianwoodley6,,0,0,0,0,0,0,0,0
primalpolitical,primalpolitical,,0,0,0,0,0,0,0,0
newsslasher,newsslasher,,0,0,0,0,0,0,0,0
vivienmiss,vivienmiss,,0,0,0,0,0,0,0,0
tomroper87,tomroper87,,0,0,0,0,0,0,0,0
gisele24021992,gisele24021992,,0,0,0,0,0,0,0,0
jonneepac,jonneepac,,0,0,0,0,0,0,0,0
eaamalyon,eaamalyon,,0,0,0,0,0,0,0,0
2lindacampbell,2lindacampbell,,0,0,0,0,0,0,0,0
legaleager,legaleager,,0,0,0,0,0,0,0,0
themobprincessa,themobprincessa,,0,0,0,0,0,0,0,0
eeekingthrulife,eeekingthrulife,,0,0,0,0,0,0,0,0
mmmin57,mmmin57,,0,0,0,0,0,0,0,0
glitter_brain,glitter_brain,,0,0,0,0,0,0,0,0
jimmfelton,jimmfelton,,0,0,0,0,0,0,0,0
blauxlia,blauxlia,,0,0,0,0,0,0,0,0
sparklesfluffy,sparklesfluffy,,0,0,0,0,0,0,0,0
bennypattyn,bennypattyn,,0,0,0,0,0,0,0,0
seriouslywtfk,seriouslywtfk,,0,0,0,0,0,0,0,0
pamelahenley2,pamelahenley2,,0,0,0,0,0,0,0,0
nellymtd,nellymtd,,0,0,0,0,0,0,0,0
rax230,rax230,,0,0,0,0,0,0,0,0
terifar333,terifar333,,0,0,0,0,0,0,0,0
cambridgecrown,cambridgecrown,,0,0,0,0,0,0,0,0
antipolluters,antipolluters,,0,0,0,0,0,0,0,0
it_real1,it_real1,,0,0,0,0,0,0,0,0
jenni_hot,jenni_hot,,0,0,0,0,0,0,0,0
hwaleswatch,hwaleswatch,,0,0,0,0,0,0,0,0
rockiekatz,rockiekatz,,0,0,0,0,0,0,0,0
scarborian133,scarborian133,,0,0,0,0,0,0,0,0
anag24782404,anag24782404,,0,0,0,0,0,0,0,0
vicsinghb,vicsinghb,,0,0,0,0,0,0,0,0
teresajhol,teresajhol,,0,0,0,0,0,0,0,0
myfamousfeline,myfamousfeline,,0,0,0,0,0,0,0,0
emmakennedy,emmakennedy,,0,0,0,0,0,0,0,0
1michaelfinn,1michaelfinn,,0,0,0,0,0,0,0,0
disgruntledcom2,disgruntledcom2,,0,0,0,0,0,0,0,0
mutasa47,mutasa47,,0,0,0,0,0,0,0,0
solarwhite100,solarwhite100,,0,0,0,0,0,0,0,0
alex31c,alex31c,,0,0,0,0,0,0,0,0
spikedonline,spikedonline,,0,0,0,0,0,0,0,0
pinarakarturk,pinarakarturk,,0,0,0,0,0,0,0,0
livnluv33,livnluv33,,0,0,0,0,0,0,0,0
notyou08958013,notyou08958013,,0,0,0,0,0,0,0,0
barca_260599,barca_260599,,0,0,0,0,0,0,0,0
brcena,brcena,,0,0,0,0,0,0,0,0
tkphockey,tkphockey,,0,0,0,0,0,0,0,0
megynkelly,megynkelly,,0,0,0,0,0,0,0,0
telbabe,telbabe,,0,0,0,0,0,0,0,0
kilemb0,kilemb0,,0,0,0,0,0,0,0,0
dailytelegraph,dailytelegraph,,0,0,0,0,0,0,0,0
mylifeisgreat95,mylifeisgreat95,,0,0,0,0,0,0,0,0
ang1956,ang1956,,0,0,0,0,0,0,0,0
amcarmela2,amcarmela2,,0,0,0,0,0,0,0,0
scenerybc,scenerybc,,0,0,0,0,0,0,0,0
lucille2067,lucille2067,,0,0,0,0,0,0,0,0
blu_alexia,blu_alexia,,0,0,0,0,0,0,0,0
mickynewsoz,mickynewsoz,,0,0,0,0,0,0,0,0
mudassarch007,mudassarch007,,0,0,0,0,0,0,0,0
fawadchaudhry,fawadchaudhry,,0,0,0,0,0,0,0,0
ashwini63747814,ashwini63747814,,0,0,0,0,0,0,0,0
royalmegnews,royalmegnews,,0,0,0,0,0,0,0,0
lamafat,lamafat,,0,0,0,0,0,0,0,0
tweetingbrit,tweetingbrit,,0,0,0,0,0,0,0,0
flowersenglish,flowersenglish,,0,0,0,0,0,0,0,0
phenri51,phenri51,,0,0,0,0,0,0,0,0
normal219,normal219,,0,0,0,0,0,0,0,0
toohersean,toohersean,,1,1,1,0,7,0,8,8
duchessonduty,duchessonduty,,0,0,0,0,0,0,0,0
jmgalilea,jmgalilea,,0,0,0,0,0,0,0,0
begonavillacis,begonavillacis,,0,0,0,0,0,0,0,0
megsbanana,megsbanana,,0,0,0,0,0,0,0,0
aryamrosi,aryamrosi,,0,0,0,0,0,0,0,0
kaheina3009,kaheina3009,,0,0,0,0,0,0,0,0
maze_fb,maze_fb,,0,0,0,0,0,0,0,0
janthea46,janthea46,,0,0,0,0,0,0,0,0
julieja22642265,julieja22642265,,0,0,0,0,0,0,0,0
householdsussex,householdsussex,,0,0,0,0,0,0,0,0
anneseabee666,anneseabee666,,0,0,0,0,0,0,0,0
barrow_ivy,barrow_ivy,,0,0,0,0,0,0,0,0
jaxhanlon,jaxhanlon,,0,0,0,0,0,0,0,0
merlivnamonroe,merlivnamonroe,,0,0,0,0,0,0,0,0
margaretclassey,margaretclassey,,0,0,0,0,0,0,0,0
katybarriosc,katybarriosc,,0,0,0,0,0,0,0,0
vanityfairspain,vanityfairspain,,0,0,0,0,0,0,0,0
netflix,netflix,,0,0,0,0,0,0,0,0
lizziedee16,lizziedee16,,0,0,0,0,0,0,0,0
elenastahov,elenastahov,,0,0,0,0,0,0,0,0
gina_auria,gina_auria,,0,0,0,0,0,0,0,0
disthebestc,disthebestc,,0,0,0,0,0,0,0,0
chayinrojas,chayinrojas,,0,0,0,0,0,0,0,0
viri_rios,viri_rios,,0,0,0,0,0,0,0,0
steinfireflint,steinfireflint,,0,0,0,0,0,0,0,0
paulwil31139494,paulwil31139494,,0,0,0,0,0,0,0,0
mizoneteaspoon,mizoneteaspoon,,0,0,0,0,0,0,0,0
queenca34513671,queenca34513671,,0,0,0,0,0,0,0,0
maureendalby,maureendalby,,0,0,0,0,0,0,0,0
sussexreal,sussexreal,,0,0,0,0,0,0,0,0
tltf1973,tltf1973,,1,1,1,0,15,0,8,8
reashelby1,reashelby1,,0,0,0,0,0,0,0,0
laurenj77,laurenj77,,0,0,0,0,0,0,0,0
jared_secret,jared_secret,,0,0,0,0,0,0,0,0
nubianmatriarch,nubianmatriarch,,0,0,0,0,0,0,0,0
more_milf,more_milf,,0,0,0,0,0,0,0,0
sugarka82730928,sugarka82730928,,0,0,0,0,0,0,0,0
jjcwow,jjcwow,,0,0,0,0,0,0,0,0
ochustler,ochustler,,0,0,0,0,0,0,0,0
doctuir,doctuir,,0,0,0,0,0,0,0,0
mukhtar_iam,mukhtar_iam,,0,0,0,0,0,0,0,0
jasinya6,jasinya6,,0,0,0,0,0,0,0,0
tomsyvret,tomsyvret,,0,0,0,0,0,0,0,0
westhammonty,westhammonty,,0,0,0,0,0,0,0,0
syrobbo1,syrobbo1,,0,0,0,0,0,0,0,0
alexpreiss4,alexpreiss4,,0,0,0,0,0,0,0,0
skinspire2015,skinspire2015,,0,0,0,0,0,0,0,0
yakuzachicka,yakuzachicka,,0,0,0,0,0,0,0,0
meghanmarklefa1,meghanmarklefa1,,0,0,0,0,0,0,0,0
cancerwarrior05,cancerwarrior05,,0,0,0,0,0,0,0,0
argiano,argiano,,0,0,0,0,0,0,0,0
palinterest,palinterest,,0,0,0,0,0,0,0,0
ayebegorra,ayebegorra,,0,0,0,0,0,0,0,0
sarafinanonovya,sarafinanonovya,,0,0,0,0,0,0,0,0
dizruption1,dizruption1,,0,0,0,0,0,0,0,0
bonnetsandbees,bonnetsandbees,,0,0,0,0,0,0,0,0
paisley23546418,paisley23546418,,0,0,0,0,0,0,0,0
outspokensphere,outspokensphere,,0,0,0,0,0,0,0,0
mrtrevorcoultmc,mrtrevorcoultmc,,0,0,0,0,0,0,0,0
stanley_walker,stanley_walker,,0,0,0,0,0,0,0,0
profsked,profsked,,0,0,0,0,0,0,0,0
jdzl_76,jdzl_76,,0,0,0,0,0,0,0,0
bambi1082,bambi1082,,0,0,0,0,0,0,0,0
grobisou,grobisou,,0,0,0,0,0,0,0,0
gabpile,gabpile,,0,0,0,0,0,0,0,0
eveningstandard,eveningstandard,,0,0,0,0,0,0,0,0
deborah06909621,deborah06909621,,0,0,0,0,0,0,0,0
jeanninemckenna,jeanninemckenna,,0,0,0,0,0,0,0,0
dee_str,dee_str,,0,0,0,0,0,0,0,0
vicky38127060,vicky38127060,,0,0,0,0,0,0,0,0
keanespirit,keanespirit,,0,0,0,0,0,0,0,0
fergalkiernan,fergalkiernan,,0,0,0,0,0,0,0,0
jaycee1001,jaycee1001,,0,0,0,0,0,0,0,0
ambreenhaider01,ambreenhaider01,,0,0,0,0,0,0,0,0
bambibeth83,bambibeth83,,0,0,0,0,0,0,0,0
nikkidpr1,nikkidpr1,,0,0,0,0,0,0,0,0
shecometh,shecometh,,0,0,0,0,0,0,0,0
21stcenturywhat,21stcenturywhat,,0,0,0,0,0,0,0,0
bella_phipps,bella_phipps,,0,0,0,0,0,0,0,0
angie_rejoineu,angie_rejoineu,,0,0,0,0,0,0,0,0
britwithtalent,britwithtalent,,0,0,0,0,0,0,0,0
cool2_b,cool2_b,,0,0,0,0,0,0,0,0
david_chippa,david_chippa,,0,0,0,0,0,0,0,0
oliverdarcy,oliverdarcy,,0,0,0,0,0,0,0,0
mrsxxv25,mrsxxv25,,0,0,0,0,0,0,0,0
barb_a1,barb_a1,,0,0,0,0,0,0,0,0
toricambridge,toricambridge,,0,0,0,0,0,0,0,0
british_north,british_north,,0,0,0,0,0,0,0,0
tamarindos9,tamarindos9,,0,0,0,0,0,0,0,0
mememcclellan,mememcclellan,,0,0,0,0,0,0,0,0
emeryvillematty,emeryvillematty,,0,0,0,0,0,0,0,0
latimesent,latimesent,,0,0,0,0,0,0,0,0
gregoryglake,gregoryglake,,0,0,0,0,0,0,0,0
vanelstanton,vanelstanton,,0,0,0,0,0,0,0,0
lifecontented,lifecontented,,0,0,0,0,0,0,0,0
phoebeb43239411,phoebeb43239411,,0,0,0,0,0,0,0,0
september_gurl,september_gurl,,0,0,0,0,0,0,0,0
delilahc401,delilahc401,,0,0,0,0,0,0,0,0
xtinapass,xtinapass,,0,0,0,0,0,0,0,0
janetsinclair,janetsinclair,,0,0,0,0,0,0,0,0
fayeh321,fayeh321,,0,0,0,0,0,0,0,0
alexandriacoxt1,alexandriacoxt1,,0,0,0,0,0,0,0,0
lukemcgee,lukemcgee,,0,0,0,0,0,0,0,0
phoebedinsmore_,phoebedinsmore_,,0,0,0,0,0,0,0,0
malinda1835,malinda1835,,0,0,0,0,0,0,0,0
jonjburrows,jonjburrows,,0,0,0,0,0,0,0,0
entsocialnn,entsocialnn,,0,0,0,0,0,0,0,0
melodypj4,melodypj4,,0,0,0,0,0,0,0,0
beadobbratz,beadobbratz,,0,0,0,0,0,0,0,0
lillimere,lillimere,,0,0,0,0,0,0,0,0
heronsgrove,heronsgrove,,0,0,0,0,0,0,0,0
asc6886,asc6886,,0,0,0,0,0,0,0,0
terryho63967129,terryho63967129,,0,0,0,0,0,0,0,0
tygrrrrexpress,tygrrrrexpress,,0,0,0,0,0,0,0,0
latimes,latimes,,0,0,0,0,0,0,0,0
trivino14079034,trivino14079034,,0,0,0,0,0,0,0,0
poodletoken,poodletoken,,0,0,0,0,0,0,0,0
clevr_blends,clevr_blends,,0,0,0,0,0,0,0,0
bob73not,bob73not,,0,0,0,0,0,0,0,0
callmejazzman,callmejazzman,,0,0,0,0,0,0,0,0
davidjmcclure,davidjmcclure,,0,0,0,0,0,0,0,0
vernon78784378,vernon78784378,,0,0,0,0,0,0,0,0
jisselmind,jisselmind,,0,0,0,0,0,0,0,0
sannetje_26,sannetje_26,,1,1,1,1.5,3,1,2,3
primulabond,primulabond,,0,0,0,0,0,0,0,0
zorinstv,zorinstv,,0,0,0,0,0,0,0,0
threadreaderapp,threadreaderapp,,0,0,0,0,0,0,0,0
4tiglion,4tiglion,,0,0,0,0,0,0,0,0
caitym11,caitym11,,0,0,0,0,0,0,0,0
_byron____,_byron____,,0,0,0,0,0,0,0,0
jkcorden,jkcorden,,0,0,0,0,0,0,0,0
hrhmeghandaily,hrhmeghandaily,,0,0,0,0,0,0,0,0
weareinvictus,weareinvictus,,0,0,0,0,0,0,0,0
tcwlw,tcwlw,,0,0,0,0,0,0,0,0
deathntaxesprof,deathntaxesprof,,0,0,0,0,0,0,0,0
roccohowat1,roccohowat1,,0,0,0,0,0,0,0,0
betrueplease,betrueplease,,0,0,0,0,0,0,0,0
cana90,cana90,,0,0,0,0,0,0,0,0
tombuck31671469,tombuck31671469,,0,0,0,0,0,0,0,0
masa20215746802,masa20215746802,,0,0,0,0,0,0,0,0
fashifi,fashifi,,0,0,0,0,0,0,0,0
jeantrust,jeantrust,,0,0,0,0,0,0,0,0
1jeanbaptiste1,1jeanbaptiste1,,0,0,0,0,0,0,0,0
vanityfair,vanityfair,,0,0,0,0,0,0,0,0
heyladywhatsup,heyladywhatsup,,0,0,0,0,0,0,0,0
pagantrelawney,pagantrelawney,,0,0,0,0,0,0,0,0
dgivensterry,dgivensterry,,6,0.22695,0.263021,0,16,1,1,2
raghavparikh2,raghavparikh2,,0,0,0,0,0,0,0,0
linzstracs,linzstracs,,0,0,0,0,0,0,0,0
wellofthoughts,wellofthoughts,,0,0,0,0,0,0,0,0
ddarveyy,ddarveyy,,0,0,0,0,0,0,0,0
washfm,washfm,,0,0,0,0,0,0,0,0
auntiewaa,auntiewaa,,0,0,0,0,0,0,0,0
jamiefr10016993,jamiefr10016993,,0,0,0,0,0,0,0,0
torcentre,torcentre,,0,0,0,0,0,0,0,0
suethemackgirl,suethemackgirl,,0,0,0,0,0,0,0,0
pippablack83,pippablack83,,0,0,0,0,0,0,0,0
bentpink,bentpink,,0,0,0,0,0,0,0,0
kirstyc37889353,kirstyc37889353,,0,0,0,0,0,0,0,0
rideinthestorm,rideinthestorm,,0,0,0,0,0,0,0,0
nadine_writes,nadine_writes,,0,0,0,0,0,0,0,0
oxjustice,oxjustice,,0,0,0,0,0,0,0,0
trenysianthomas,trenysianthomas,,0,0,0,0,0,0,0,0
jon_trickett,jon_trickett,,0,0,0,0,0,0,0,0
michelleruiz,michelleruiz,,0,0,0,0,0,0,0,0
lstaples_cpacga,lstaples_cpacga,,0,0,0,0,0,0,0,0
che_maree01,che_maree01,,0,0,0,0,0,0,0,0
hazelallykat,hazelallykat,,0,0,0,0,0,0,0,0
cooper85jenn,cooper85jenn,,0,0,0,0,0,0,0,0
solojaxjen,solojaxjen,,0,0,0,0,0,0,0,0
operawinfrey,operawinfrey,,0,0,0,0,0,0,0,0
chrissyteigen,chrissyteigen,,0,0,0,0,0,0,0,0
ardenmystacre,ardenmystacre,,0,0,0,0,0,0,0,0
casey_roberts12,casey_roberts12,,0,0,0,0,0,0,0,0
lesley39479938,lesley39479938,,0,0,0,0,0,0,0,0
todaynewsstory,todaynewsstory,,0,0,0,0,0,0,0,0
officialbarnesy,officialbarnesy,,0,0,0,0,0,0,0,0
nowthisnews,nowthisnews,,0,0,0,0,0,0,0,0
bretonnenana,bretonnenana,,0,0,0,0,0,0,0,0
purepeople,purepeople,,0,0,0,0,0,0,0,0
c_w_uk,c_w_uk,,0,0,0,0,0,0,0,0
jaj_jj,jaj_jj,,0,0,0,0,0,0,0,0
jjchalmersrm,jjchalmersrm,,0,0,0,0,0,0,0,0
queseraserac,queseraserac,,0,0,0,0,0,0,0,0
nanispeaks18,nanispeaks18,,0,0,0,0,0,0,0,0
sofiahameln,sofiahameln,,0,0,0,0,0,0,0,0
jasamgurlie,jasamgurlie,,0,0,0,0,0,0,0,0
voulal2010,voulal2010,,0,0,0,0,0,0,0,0
royal_analysis,royal_analysis,,0,0,0,0,0,0,0,0
vanessarosato2,vanessarosato2,,0,0,0,0,0,0,0,0
parismatch,parismatch,,0,0,0,0,0,0,0,0
fleaglebeagle,fleaglebeagle,,0,0,0,0,0,0,0,0
mccruddenm,mccruddenm,,0,0,0,0,0,0,0,0
cp24,cp24,,0,0,0,0,0,0,0,0
sharonandrea,sharonandrea,,0,0,0,0,0,0,0,0
sussexnewbie,sussexnewbie,,0,0,0,0,0,0,0,0
cogitator99,cogitator99,,0,0,0,0,0,0,0,0
joinaunionpls,joinaunionpls,,0,0,0,0,0,0,0,0
grifiki,grifiki,,0,0,0,0,0,0,0,0
bamamomin,bamamomin,,0,0,0,0,0,0,0,0
pausefun,pausefun,,0,0,0,0,0,0,0,0
buffalo84951307,buffalo84951307,,0,0,0,0,0,0,0,0
cher56847203,cher56847203,,0,0,0,0,0,0,0,0
perezhilton,perezhilton,,0,0,0,0,0,0,0,0
liverpoollesley,liverpoollesley,,0,0,0,0,0,0,0,0
kaminidesai16,kaminidesai16,,0,0,0,0,0,0,0,0
parademagazine,parademagazine,,0,0,0,0,0,0,0,0
lynncatwalters,lynncatwalters,,0,0,0,0,0,0,0,0
digitalclocktik,digitalclocktik,,0,0,0,0,0,0,0,0
zhubrykmaryna,zhubrykmaryna,,0,0,0,0,0,0,0,0
kaluuyadani,kaluuyadani,,0,0,0,0,0,0,0,0
bravowwhl,bravowwhl,,0,0,0,0,0,0,0,0
vir_choo_oh_so,vir_choo_oh_so,,0,0,0,0,0,0,0,0
messymegsy,messymegsy,,0,0,0,0,0,0,0,0
claraydelos,claraydelos,,0,0,0,0,0,0,0,0
truthtella1989,truthtella1989,,0,0,0,0,0,0,0,0
ollimag1,ollimag1,,0,0,0,0,0,0,0,0
annasobriety,annasobriety,,0,0,0,0,0,0,0,0
expatnhongkong,expatnhongkong,,0,0,0,0,0,0,0,0
dewrock14,dewrock14,,0,0,0,0,0,0,0,0
regina74,regina74,,0,0,0,0,0,0,0,0
dickflange,dickflange,,0,0,0,0,0,0,0,0
itvpeston,itvpeston,,0,0,0,0,0,0,0,0
eleanor_rigbee,eleanor_rigbee,,0,0,0,0,0,0,0,0
millzach,millzach,,0,0,0,0,0,0,0,0
cariadtweeter,cariadtweeter,,0,0,0,0,0,0,0,0
ruddenmichaela1,ruddenmichaela1,,0,0,0,0,0,0,0,0
theundeadnette,theundeadnette,,0,0,0,0,0,0,0,0
tabssingh,tabssingh,,0,0,0,0,0,0,0,0
wisdompearlsof,wisdompearlsof,,0,0,0,0,0,0,0,0
anaknope,anaknope,,0,0,0,0,0,0,0,0
24x7x24x7,24x7x24x7,,0,0,0,0,0,0,0,0
pinkvilla,pinkvilla,,0,0,0,0,0,0,0,0
alpha_orikaeze1,alpha_orikaeze1,,0,0,0,0,0,0,0,0
againclosed,againclosed,,0,0,0,0,0,0,0,0
kitkat2cats,kitkat2cats,,0,0,0,0,0,0,0,0
amhsatho,amhsatho,,0,0,0,0,0,0,0,0
patrici00429813,patrici00429813,,0,0,0,0,0,0,0,0
liamsco79664081,liamsco79664081,,0,0,0,0,0,0,0,0
tvkev,tvkev,,0,0,0,0,0,0,0,0
allie24603458,allie24603458,,0,0,0,0,0,0,0,0
activa999666,activa999666,,0,0,0,0,0,0,0,0
musekhaotic,musekhaotic,,0,0,0,0,0,0,0,0
dretop1a,dretop1a,,0,0,0,0,0,0,0,0
momentopretinha,momentopretinha,,0,0,0,0,0,0,0,0
saeed_ahmed,saeed_ahmed,,0,0,0,0,0,0,0,0
marieclaire,marieclaire,,0,0,0,0,0,0,0,0
ritaag,ritaag,,0,0,0,0,0,0,0,0
bacharmurad,bacharmurad,,0,0,0,0,0,0,0,0
helenmarypike,helenmarypike,,0,0,0,0,0,0,0,0
sussexgtforest,sussexgtforest,,0,0,0,0,0,0,0,0
drjjpope,drjjpope,,0,0,0,0,0,0,0,0
invictusbypepp,invictusbypepp,,0,0,0,0,0,0,0,0
africanparks,africanparks,,0,0,0,0,3,4,0,4
hibiscusclubht,hibiscusclubht,,0,0,0,0,0,0,0,0
dozydozer,dozydozer,,0,0,0,0,0,0,0,0
jackposobiec,jackposobiec,,0,0,0,0,0,0,0,0
ritzs66,ritzs66,,0,0,0,0,0,0,0,0
emma20168,emma20168,,0,0,0,0,0,0,0,0
kegeiger,kegeiger,,0,0,0,0,0,0,0,0
gornallpenny,gornallpenny,,0,0,0,0,0,0,0,0
newell_sp,newell_sp,,0,0,0,0,0,0,0,0
seemsclear,seemsclear,,0,0,0,0,0,0,0,0
dukeofsussex___,dukeofsussex___,,0,0,0,0,0,0,0,0
sussexsquadm,sussexsquadm,,0,0,0,0,0,0,0,0
tessegerton,tessegerton,,0,0,0,0,0,0,0,0
sussexinspired,sussexinspired,,0,0,0,0,0,0,0,0
netbasequid,netbasequid,,0,0,0,0,3,5,0,5
oloriogun_,oloriogun_,,0,0,0,0,0,0,0,0
meghan__harry,meghan__harry,,0,0,0,0,0,0,0,0
rumokb,rumokb,,0,0,0,0,0,0,0,0
ntokozomg,ntokozomg,,0,0,0,0,0,0,0,0
bernardandcathy,bernardandcathy,,0,0,0,0,0,0,0,0
kwestsavali,kwestsavali,,0,0,0,0,0,0,0,0
godmotherolori,godmotherolori,,0,0,0,0,0,0,0,0
patouart,patouart,,0,0,0,0,0,0,0,0
hollywoodlife,hollywoodlife,,0,0,0,0,0,0,0,0
goodvibes1426,goodvibes1426,,0,0,0,0,0,0,0,0
silverl37758042,silverl37758042,,0,0,0,0,0,0,0,0
purify_toast17,purify_toast17,,0,0,0,0,0,0,0,0
aforlyn1,aforlyn1,,0,0,0,0,0,0,0,0
evaevansshine2,evaevansshine2,,0,0,0,0,0,0,0,0
wworbts,wworbts,,0,0,0,0,0,0,0,0
akagerapark,akagerapark,,0,0,0,0,0,0,0,0
swanee_cen,swanee_cen,,0,0,0,0,0,0,0,0
whatmeghanwore,whatmeghanwore,,0,0,0,0,0,0,0,0
emyrose6519,emyrose6519,,0,0,0,0,0,0,0,0
marisaaja8,marisaaja8,,0,0,0,0,0,0,0,0
addis26811427,addis26811427,,0,0,0,0,0,0,0,0
sonaaja22,sonaaja22,,0,0,0,0,0,0,0,0
23stanzas,23stanzas,,0,0,0,0,0,0,0,0
jimmyja20041774,jimmyja20041774,,0,0,0,0,0,0,0,0
elysium0820,elysium0820,,0,0,0,0,0,0,0,0
sueltalasopatv,sueltalasopatv,,0,0,0,0,0,0,0,0
tudorchick1501,tudorchick1501,,0,0,0,0,0,0,0,0
upoxbottle,upoxbottle,,0,0,0,0,0,0,0,0
getkhanout1,getkhanout1,,0,0,0,0,0,0,0,0
rahmarasyid1,rahmarasyid1,,0,0,0,0,0,0,0,0
springbrad1,springbrad1,,0,0,0,0,0,0,0,0
burlei_a,burlei_a,,0,0,0,0,0,0,0,0
yankeedoodledu1,yankeedoodledu1,,0,0,0,0,0,0,0,0
saffaayo,saffaayo,,0,0,0,0,0,0,0,0
monica_delrocio,monica_delrocio,,0,0,0,0,0,0,0,0
la_patilla,la_patilla,,0,0,0,0,0,0,0,0
nightangel69,nightangel69,,0,0,0,0,0,0,0,0
joeyjnr18,joeyjnr18,,0,0,0,0,0,0,0,0
paulncube,paulncube,,1,1,1,0,1,0,1,1
w00dy59,w00dy59,,0,0,0,0,0,0,0,0
lilyjackswrites,lilyjackswrites,,0,0,0,0,0,0,0,0
geniuswriter1,geniuswriter1,,0,0,0,0,0,0,0,0
purple25pie,purple25pie,,0,0,0,0,0,0,0,0
dash67806198,dash67806198,,0,0,0,0,0,0,0,0
freya7sl,freya7sl,,0,0,0,0,0,0,0,0
haraken_b,haraken_b,,0,0,0,0,0,0,0,0
rio55giita,rio55giita,,0,0,0,0,0,0,0,0
anncros28104104,anncros28104104,,0,0,0,0,0,0,0,0
jacobbranning,jacobbranning,,0,0,0,0,0,0,0,0
bessiebuckle1,bessiebuckle1,,0,0,0,0,0,0,0,0
tinahelmeglobal,tinahelmeglobal,,0,0,0,0,0,0,0,0
instablog9ja,instablog9ja,,0,0,0,0,0,0,0,0
changaduchessof,changaduchessof,,0,0,0,0,0,0,0,0
danimorris,danimorris,,0,0,0,0,0,0,0,0
aclawless,aclawless,,0,0,0,0,0,0,0,0
how_freedom,how_freedom,,0,0,0,0,0,0,0,0
su_brompton,su_brompton,,0,0,0,0,0,0,0,0
catoneok1,catoneok1,,0,0,0,0,0,0,0,0
worthkasie,worthkasie,,0,0,0,0,0,0,0,0
danrather,danrather,,0,0,0,0,0,0,0,0
rakibha16772811,rakibha16772811,,0,0,0,0,0,0,0,0
safezonefinance,safezonefinance,,0,0,0,0,0,0,0,0
laurenceburris5,laurenceburris5,,0,0,0,0,0,0,0,0
newsmax,newsmax,,0,0,0,0,0,0,0,0
sassylassee,sassylassee,,0,0,0,0,0,0,0,0
thedawnerator,thedawnerator,,0,0,0,0,0,0,0,0
edinkennedy,edinkennedy,,0,0,0,0,0,0,0,0
huriye,huriye,,0,0,0,0,0,0,0,0
iamsidge,iamsidge,,0,0,0,0,0,0,0,0
prince3908,prince3908,,0,0,0,0,0,0,0,0
hazei,hazei,,0,0,0,0,0,0,0,0
glodeank,glodeank,,0,0,0,0,0,0,0,0
happywhitebitch,happywhitebitch,,0,0,0,0,0,0,0,0
robrousseau,robrousseau,,0,0,0,0,0,0,0,0
burnerroyalty,burnerroyalty,,0,0,0,0,0,0,0,0
mullerdonuk,mullerdonuk,,0,0,0,0,0,0,0,0
africanews,africanews,,0,0,0,0,0,0,0,0
campbell_elroy,campbell_elroy,,0,0,0,0,0,0,0,0
eamon0303,eamon0303,,0,0,0,0,0,0,0,0
scarletwoman19,scarletwoman19,,0,0,0,0,0,0,0,0
